Data,Curs_MDL
0,28.03.2005,0.2228
1,29.03.2005,0.2231
2,30.03.2005,0.2251
3,31.03.2005,0.2255
4,01.04.2005,0.2239
5,04.04.2005,0.2243
6,05.04.2005,0.2247
7,06.04.2005,0.2245
8,07.04.2005,0.2243
9,08.04.2005,0.2243
10,11.04.2005,0.2244
11,12.04.2005,0.2239
12,13.04.2005,0.2230
13,14.04.2005,0.2233
14,15.04.2005,0.2235
15,18.04.2005,0.2236
16,19.04.2005,0.2217
17,20.04.2005,0.2228
18,21.04.2005,0.2210
19,22.04.2005,0.2199
20,25.04.2005,0.2210
21,26.04.2005,0.2211
22,27.04.2005,0.2204
23,28.04.2005,0.2210
24,29.04.2005,0.2210
25,03.05.2005,0.2210
26,04.05.2005,0.2210
27,05.05.2005,0.2226
28,06.05.2005,0.2218
29,09.05.2005,0.2213
30,10.05.2005,0.2215
31,11.05.2005,0.2223
32,12.05.2005,0.2217
33,13.05.2005,0.2249
34,16.05.2005,0.2245
35,17.05.2005,0.2277
36,18.05.2005,0.2278
37,19.05.2005,0.2276
38,20.05.2005,0.2277
39,23.05.2005,0.2274
40,24.05.2005,0.2274
41,25.05.2005,0.2279
42,26.05.2005,0.2277
43,27.05.2005,0.2288
44,30.05.2005,0.2292
45,31.05.2005,0.2293
46,01.06.2005,0.2329
47,02.06.2005,0.2344
48,03.06.2005,0.2338
49,06.06.2005,0.2338
50,07.06.2005,0.2343
51,08.06.2005,0.2335
52,09.06.2005,0.2333
53,10.06.2005,0.2334
54,13.06.2005,0.2335
55,14.06.2005,0.2384
56,15.06.2005,0.2369
57,16.06.2005,0.2386
58,17.06.2005,0.2385
59,20.06.2005,0.2385
60,21.06.2005,0.2385
61,22.06.2005,0.2377
62,23.06.2005,0.2367
63,24.06.2005,0.2377
64,27.06.2005,0.2374
65,28.06.2005,0.2353
66,29.06.2005,0.2366
67,04.07.2005,0.2371
68,05.07.2005,0.2370
69,06.07.2005,0.2370
70,07.07.2005,0.2401
71,08.07.2005,0.2396
72,11.07.2005,0.2373
73,12.07.2005,0.2367
74,13.07.2005,0.2365
75,14.07.2005,0.2363
76,15.07.2005,0.2362
77,18.07.2005,0.2360
78,19.07.2005,0.2351
79,20.07.2005,0.2349
80,21.07.2005,0.2350
81,22.07.2005,0.2347
82,25.07.2005,0.2325
83,26.07.2005,0.2320
84,27.07.2005,0.2308
85,28.07.2005,0.2303
86,29.07.2005,0.2306
87,01.08.2005,0.2291
88,02.08.2005,0.2260
89,03.08.2005,0.2248
90,04.08.2005,0.2239
91,05.08.2005,0.2243
92,08.08.2005,0.2229
93,09.08.2005,0.2227
94,10.08.2005,0.2211
95,11.08.2005,0.2249
96,12.08.2005,0.2300
97,15.08.2005,0.2321
98,16.08.2005,0.2331
99,17.08.2005,0.2333
100,18.08.2005,0.2314
101,19.08.2005,0.2318
102,22.08.2005,0.2310
103,23.08.2005,0.2295
104,24.08.2005,0.2292
105,25.08.2005,0.2286
106,26.08.2005,0.2289
107,29.08.2005,0.2283
108,30.08.2005,0.2264
109,31.08.2005,0.2271
110,01.09.2005,0.2292
111,02.09.2005,0.2256
112,05.09.2005,0.2224
113,06.09.2005,0.2219
114,07.09.2005,0.2229
115,08.09.2005,0.2233
116,09.09.2005,0.2236
117,12.09.2005,0.2246
118,13.09.2005,0.2262
119,14.09.2005,0.2269
120,15.09.2005,0.2255
121,16.09.2005,0.2264
122,19.09.2005,0.2260
123,20.09.2005,0.2264
124,21.09.2005,0.2281
125,22.09.2005,0.2291
126,23.09.2005,0.2322
127,26.09.2005,0.2311
128,27.09.2005,0.2293
129,28.09.2005,0.2343
130,29.09.2005,0.2345
131,30.09.2005,0.2354
132,03.10.2005,0.2340
133,04.10.2005,0.2361
134,05.10.2005,0.2368
135,06.10.2005,0.2374
136,07.10.2005,0.2362
137,10.10.2005,0.2369
138,11.10.2005,0.2350
139,12.10.2005,0.2371
140,13.10.2005,0.2397
141,14.10.2005,0.2392
142,17.10.2005,0.2393
143,18.10.2005,0.2375
144,19.10.2005,0.2392
145,20.10.2005,0.2393
146,21.10.2005,0.2397
147,24.10.2005,0.2387
148,25.10.2005,0.2396
149,26.10.2005,0.2377
150,27.10.2005,0.2377
151,28.10.2005,0.2370
152,31.10.2005,0.2387
153,01.11.2005,0.2388
154,02.11.2005,0.2413
155,03.11.2005,0.2415
156,04.11.2005,0.2419
157,07.11.2005,0.2449
158,08.11.2005,0.2469
159,09.11.2005,0.2478
160,10.11.2005,0.2447
161,11.11.2005,0.2446
162,14.11.2005,0.2463
163,15.11.2005,0.2449
164,16.11.2005,0.2457
165,17.11.2005,0.2450
166,18.11.2005,0.2460
167,21.11.2005,0.2472
168,22.11.2005,0.2446
169,23.11.2005,0.2461
170,24.11.2005,0.2454
171,25.11.2005,0.2430
172,28.11.2005,0.2434
173,29.11.2005,0.2431
174,30.11.2005,0.2413
175,02.12.2005,0.2423
176,05.12.2005,0.2433
177,06.12.2005,0.2432
178,07.12.2005,0.2422
179,08.12.2005,0.2427
180,09.12.2005,0.2419
181,12.12.2005,0.2422
182,13.12.2005,0.2390
183,14.12.2005,0.2395
184,15.12.2005,0.2383
185,16.12.2005,0.2373
186,19.12.2005,0.2371
187,20.12.2005,0.2378
188,21.12.2005,0.2377
189,22.12.2005,0.2403
190,23.12.2005,0.2402
191,27.12.2005,0.2406
192,28.12.2005,0.2425
193,29.12.2005,0.2427
194,30.12.2005,0.2418
195,03.01.2006,0.2417
196,04.01.2006,0.2411
197,05.01.2006,0.2416
198,06.01.2006,0.2375
199,09.01.2006,0.2369
200,10.01.2006,0.2355
201,11.01.2006,0.2343
202,12.01.2006,0.2347
203,13.01.2006,0.2341
204,16.01.2006,0.2344
205,17.01.2006,0.2353
206,18.01.2006,0.2353
207,19.01.2006,0.2342
208,20.01.2006,0.2342
209,23.01.2006,0.2330
210,24.01.2006,0.2327
211,25.01.2006,0.2300
212,26.01.2006,0.2290
213,27.01.2006,0.2295
214,30.01.2006,0.2314
215,31.01.2006,0.2316
216,01.02.2006,0.2315
217,02.02.2006,0.2309
218,03.02.2006,0.2311
219,06.02.2006,0.2309
220,07.02.2006,0.2317
221,08.02.2006,0.2311
222,09.02.2006,0.2293
223,10.02.2006,0.2286
224,13.02.2006,0.2278
225,14.02.2006,0.2281
226,15.02.2006,0.2280
227,16.02.2006,0.2290
228,17.02.2006,0.2279
229,20.02.2006,0.2276
230,21.02.2006,0.2270
231,22.02.2006,0.2276
232,23.02.2006,0.2277
233,24.02.2006,0.2277
234,27.02.2006,0.2277
235,28.02.2006,0.2261
236,01.03.2006,0.2258
237,02.03.2006,0.2258
238,03.03.2006,0.2244
239,06.03.2006,0.2244
240,07.03.2006,0.2249
241,08.03.2006,0.2257
242,09.03.2006,0.2261
243,10.03.2006,0.2263
244,13.03.2006,0.2268
245,14.03.2006,0.2288
246,15.03.2006,0.2276
247,16.03.2006,0.2253
248,17.03.2006,0.2241
249,20.03.2006,0.2214
250,21.03.2006,0.2219
251,22.03.2006,0.2235
252,23.03.2006,0.2236
253,24.03.2006,0.2235
254,27.03.2006,0.2232
255,28.03.2006,0.2254
256,29.03.2006,0.2257
257,30.03.2006,0.2255
258,31.03.2006,0.2252
259,03.04.2006,0.2246
260,04.04.2006,0.2248
261,05.04.2006,0.2254
262,06.04.2006,0.2250
263,07.04.2006,0.2245
264,10.04.2006,0.2236
265,11.04.2006,0.2217
266,12.04.2006,0.2213
267,13.04.2006,0.2209
268,14.04.2006,0.2212
269,17.04.2006,0.2205
270,18.04.2006,0.2207
271,19.04.2006,0.2203
272,20.04.2006,0.2167
273,21.04.2006,0.2157
274,25.04.2006,0.2151
275,26.04.2006,0.2161
276,27.04.2006,0.2151
277,28.04.2006,0.2151
278,02.05.2006,0.2154
279,03.05.2006,0.2144
280,04.05.2006,0.2145
281,05.05.2006,0.2147
282,08.05.2006,0.2144
283,09.05.2006,0.2145
284,10.05.2006,0.2146
285,11.05.2006,0.2146
286,12.05.2006,0.2157
287,15.05.2006,0.2105
288,16.05.2006,0.2098
289,17.05.2006,0.2081
290,18.05.2006,0.2101
291,19.05.2006,0.2117
292,22.05.2006,0.2136
293,23.05.2006,0.2133
294,24.05.2006,0.2134
295,25.05.2006,0.2129
296,26.05.2006,0.2114
297,29.05.2006,0.2110
298,30.05.2006,0.2093
299,31.05.2006,0.2081
300,01.06.2006,0.2076
301,02.06.2006,0.2069
302,05.06.2006,0.2075
303,06.06.2006,0.2056
304,07.06.2006,0.2063
305,08.06.2006,0.2074
306,09.06.2006,0.2080
307,12.06.2006,0.2097
308,13.06.2006,0.2117
309,14.06.2006,0.2112
310,15.06.2006,0.2113
311,16.06.2006,0.2104
312,19.06.2006,0.2097
313,20.06.2006,0.2110
314,21.06.2006,0.2124
315,22.06.2006,0.2138
316,23.06.2006,0.2157
317,26.06.2006,0.2183
318,27.06.2006,0.2160
319,28.06.2006,0.2152
320,29.06.2006,0.2149
321,30.06.2006,0.2143
322,03.07.2006,0.2112
323,04.07.2006,0.2106
324,05.07.2006,0.2118
325,06.07.2006,0.2119
326,07.07.2006,0.2117
327,10.07.2006,0.2111
328,11.07.2006,0.2102
329,12.07.2006,0.2109
330,13.07.2006,0.2121
331,14.07.2006,0.2125
332,17.07.2006,0.2122
333,18.07.2006,0.2119
334,19.07.2006,0.2124
335,20.07.2006,0.2107
336,21.07.2006,0.2117
337,24.07.2006,0.2108
338,25.07.2006,0.2097
339,26.07.2006,0.2097
340,27.07.2006,0.2098
341,28.07.2006,0.2100
342,31.07.2006,0.2096
343,01.08.2006,0.2097
344,02.08.2006,0.2093
345,03.08.2006,0.2089
346,04.08.2006,0.2084
347,07.08.2006,0.2078
348,08.08.2006,0.2085
349,09.08.2006,0.2079
350,10.08.2006,0.2078
351,11.08.2006,0.2078
352,14.08.2006,0.2083
353,15.08.2006,0.2086
354,16.08.2006,0.2084
355,17.08.2006,0.2086
356,18.08.2006,0.2084
357,21.08.2006,0.2088
358,22.08.2006,0.2086
359,23.08.2006,0.2084
360,24.08.2006,0.2087
361,25.08.2006,0.2087
362,28.08.2006,0.2083
363,29.08.2006,0.2086
364,30.08.2006,0.2089
365,31.08.2006,0.2087
366,01.09.2006,0.2084
367,04.09.2006,0.2084
368,05.09.2006,0.2085
369,06.09.2006,0.2080
370,07.09.2006,0.2084
371,08.09.2006,0.2083
372,11.09.2006,0.2079
373,12.09.2006,0.2078
374,13.09.2006,0.2071
375,14.09.2006,0.2070
376,15.09.2006,0.2071
377,18.09.2006,0.2075
378,19.09.2006,0.2086
379,20.09.2006,0.2088
380,21.09.2006,0.2087
381,22.09.2006,0.2106
382,25.09.2006,0.2080
383,26.09.2006,0.2075
384,27.09.2006,0.2072
385,28.09.2006,0.2075
386,29.09.2006,0.2071
387,02.10.2006,0.2072
388,03.10.2006,0.2070
389,04.10.2006,0.2072
390,05.10.2006,0.2070
391,06.10.2006,0.2063
392,09.10.2006,0.2087
393,10.10.2006,0.2055
394,11.10.2006,0.2054
395,12.10.2006,0.2056
396,13.10.2006,0.2055
397,16.10.2006,0.2052
398,17.10.2006,0.2054
399,18.10.2006,0.2064
400,19.10.2006,0.2061
401,20.10.2006,0.2059
402,23.10.2006,0.2069
403,24.10.2006,0.2072
404,25.10.2006,0.2065
405,26.10.2006,0.2060
406,27.10.2006,0.2064
407,30.10.2006,0.2064
408,31.10.2006,0.2063
409,01.11.2006,0.2060
410,02.11.2006,0.2061
411,03.11.2006,0.2062
412,06.11.2006,0.2058
413,07.11.2006,0.2058
414,08.11.2006,0.2056
415,09.11.2006,0.2055
416,10.11.2006,0.2058
417,13.11.2006,0.2056
418,14.11.2006,0.2054
419,15.11.2006,0.2048
420,16.11.2006,0.2047
421,17.11.2006,0.2046
422,20.11.2006,0.2047
423,21.11.2006,0.2043
424,22.11.2006,0.2068
425,23.11.2006,0.2060
426,24.11.2006,0.2063
427,27.11.2006,0.2058
428,28.11.2006,0.2050
429,29.11.2006,0.2047
430,30.11.2006,0.2030
431,04.12.2006,0.2029
432,05.12.2006,0.2028
433,06.12.2006,0.2033
434,07.12.2006,0.2027
435,08.12.2006,0.2027
436,11.12.2006,0.2029
437,12.12.2006,0.2028
438,13.12.2006,0.2022
439,14.12.2006,0.2027
440,15.12.2006,0.2025
441,18.12.2006,0.2024
442,19.12.2006,0.2024
443,20.12.2006,0.2020
444,21.12.2006,0.1998
445,22.12.2006,0.1985
446,27.12.2006,0.1991
447,28.12.2006,0.2009
448,29.12.2006,0.1999
449,03.01.2007,0.1984
450,04.01.2007,0.2000
451,05.01.2007,0.2005
452,08.01.2007,0.2002
453,09.01.2007,0.2002
454,10.01.2007,0.2016
455,11.01.2007,0.2013
456,12.01.2007,0.2012
457,15.01.2007,0.2002
458,16.01.2007,0.2000
459,17.01.2007,0.2009
460,18.01.2007,0.2004
461,19.01.2007,0.1999
462,22.01.2007,0.1998
463,23.01.2007,0.2006
464,24.01.2007,0.2009
465,25.01.2007,0.2004
466,26.01.2007,0.2016
467,29.01.2007,0.2012
468,30.01.2007,0.2016
469,31.01.2007,0.2015
470,01.02.2007,0.2008
471,02.02.2007,0.2002
472,05.02.2007,0.1997
473,06.02.2007,0.1991
474,07.02.2007,0.1990
475,08.02.2007,0.1995
476,09.02.2007,0.2001
477,12.02.2007,0.2006
478,13.02.2007,0.2006
479,14.02.2007,0.2002
480,15.02.2007,0.1998
481,16.02.2007,0.1996
482,19.02.2007,0.1993
483,20.02.2007,0.1999
484,21.02.2007,0.1999
485,22.02.2007,0.1999
486,23.02.2007,0.1996
487,26.02.2007,0.1997
488,28.02.2007,0.2001
489,01.03.2007,0.2007
490,02.03.2007,0.2005
491,06.03.2007,0.2010
492,07.03.2007,0.2002
493,08.03.2007,0.2019
494,09.03.2007,0.2017
495,12.03.2007,0.2012
496,13.03.2007,0.2015
497,14.03.2007,0.2020
498,15.03.2007,0.2015
499,16.03.2007,0.2010
500,19.03.2007,0.1988
501,20.03.2007,0.1983
502,21.03.2007,0.1989
503,22.03.2007,0.1988
504,23.03.2007,0.1991
505,26.03.2007,0.1994
506,27.03.2007,0.2000
507,28.03.2007,0.2015
508,29.03.2007,0.2014
509,30.03.2007,0.2008
510,02.04.2007,0.2012
511,03.04.2007,0.2008
512,04.04.2007,0.2006
513,05.04.2007,0.2004
514,06.04.2007,0.2006
515,10.04.2007,0.2010
516,11.04.2007,0.2006
517,12.04.2007,0.2008
518,13.04.2007,0.2008
519,16.04.2007,0.2005
520,17.04.2007,0.2002
521,18.04.2007,0.2001
522,19.04.2007,0.2005
523,20.04.2007,0.2003
524,23.04.2007,0.2007
525,24.04.2007,0.2006
526,25.04.2007,0.2001
527,26.04.2007,0.1989
528,27.04.2007,0.1997
529,30.04.2007,0.2000
530,02.05.2007,0.1998
531,03.05.2007,0.1991
532,04.05.2007,0.1995
533,07.05.2007,0.1990
534,08.05.2007,0.1987
535,09.05.2007,0.1982
536,10.05.2007,0.1974
537,11.05.2007,0.1975
538,14.05.2007,0.1968
539,15.05.2007,0.1973
540,16.05.2007,0.1970
541,17.05.2007,0.1969
542,18.05.2007,0.1966
543,21.05.2007,0.1958
544,22.05.2007,0.1965
545,23.05.2007,0.1970
546,24.05.2007,0.1968
547,25.05.2007,0.1968
548,28.05.2007,0.1965
549,29.05.2007,0.1967
550,30.05.2007,0.1967
551,31.05.2007,0.1967
552,01.06.2007,0.1962
553,04.06.2007,0.1959
554,05.06.2007,0.1957
555,06.06.2007,0.1962
556,07.06.2007,0.1963
557,08.06.2007,0.1974
558,11.06.2007,0.1967
559,12.06.2007,0.1960
560,13.06.2007,0.1966
561,14.06.2007,0.1954
562,15.06.2007,0.1947
563,18.06.2007,0.1934
564,19.06.2007,0.1936
565,20.06.2007,0.1931
566,21.06.2007,0.1923
567,22.06.2007,0.1910
568,25.06.2007,0.1910
569,26.06.2007,0.1912
570,27.06.2007,0.1905
571,28.06.2007,0.1903
572,29.06.2007,0.1883
573,02.07.2007,0.1870
574,03.07.2007,0.1877
575,04.07.2007,0.1884
576,05.07.2007,0.1885
577,06.07.2007,0.1876
578,09.07.2007,0.1877
579,10.07.2007,0.1887
580,11.07.2007,0.1881
581,12.07.2007,0.1885
582,13.07.2007,0.1884
583,16.07.2007,0.1881
584,17.07.2007,0.1880
585,18.07.2007,0.1880
586,19.07.2007,0.1880
587,20.07.2007,0.1883
588,23.07.2007,0.1881
589,24.07.2007,0.1875
590,25.07.2007,0.1882
591,26.07.2007,0.1886
592,27.07.2007,0.1898
593,30.07.2007,0.1903
594,31.07.2007,0.1898
595,01.08.2007,0.1910
596,02.08.2007,0.1908
597,03.08.2007,0.1903
598,06.08.2007,0.1909
599,07.08.2007,0.1908
600,08.08.2007,0.1906
601,09.08.2007,0.1905
602,10.08.2007,0.1917
603,13.08.2007,0.1920
604,14.08.2007,0.1921
605,15.08.2007,0.1939
606,16.08.2007,0.1953
607,17.08.2007,0.1968
608,20.08.2007,0.1958
609,21.08.2007,0.1970
610,22.08.2007,0.1963
611,23.08.2007,0.1955
612,24.08.2007,0.1959
613,27.08.2007,0.1953
614,28.08.2007,0.1953
615,29.08.2007,0.1958
616,30.08.2007,0.1959
617,31.08.2007,0.1966
618,03.09.2007,0.1961
619,04.09.2007,0.1979
620,05.09.2007,0.1998
621,06.09.2007,0.1997
622,07.09.2007,0.2030
623,10.09.2007,0.2033
624,11.09.2007,0.2025
625,12.09.2007,0.2026
626,13.09.2007,0.2029
627,14.09.2007,0.2054
628,17.09.2007,0.2073
629,18.09.2007,0.2066
630,19.09.2007,0.2062
631,20.09.2007,0.2066
632,21.09.2007,0.2084
633,24.09.2007,0.2073
634,25.09.2007,0.2074
635,26.09.2007,0.2071
636,27.09.2007,0.2070
637,28.09.2007,0.2055
638,01.10.2007,0.2053
639,02.10.2007,0.2053
640,03.10.2007,0.2065
641,04.10.2007,0.2066
642,05.10.2007,0.2060
643,08.10.2007,0.2050
644,09.10.2007,0.2055
645,10.10.2007,0.2032
646,11.10.2007,0.2048
647,12.10.2007,0.2053
648,15.10.2007,0.2052
649,16.10.2007,0.2056
650,17.10.2007,0.2064
651,18.10.2007,0.2058
652,19.10.2007,0.2068
653,22.10.2007,0.2091
654,23.10.2007,0.2075
655,24.10.2007,0.2074
656,25.10.2007,0.2059
657,26.10.2007,0.2061
658,29.10.2007,0.2055
659,30.10.2007,0.2057
660,31.10.2007,0.2052
661,01.11.2007,0.2040
662,02.11.2007,0.2055
663,05.11.2007,0.2058
664,06.11.2007,0.2071
665,07.11.2007,0.2090
666,08.11.2007,0.2098
667,09.11.2007,0.2098
668,12.11.2007,0.2117
669,13.11.2007,0.2119
670,14.11.2007,0.2121
671,15.11.2007,0.2129
672,16.11.2007,0.2139
673,19.11.2007,0.2143
674,20.11.2007,0.2150
675,21.11.2007,0.2177
676,22.11.2007,0.2211
677,23.11.2007,0.2228
678,26.11.2007,0.2210
679,27.11.2007,0.2206
680,28.11.2007,0.2191
681,29.11.2007,0.2168
682,30.11.2007,0.2151
683,03.12.2007,0.2158
684,04.12.2007,0.2170
685,05.12.2007,0.2182
686,06.12.2007,0.2165
687,07.12.2007,0.2161
688,10.12.2007,0.2162
689,11.12.2007,0.2163
690,12.12.2007,0.2169
691,13.12.2007,0.2167
692,14.12.2007,0.2183
693,17.12.2007,0.2189
694,18.12.2007,0.2188
695,19.12.2007,0.2179
696,20.12.2007,0.2165
697,21.12.2007,0.2150
698,24.12.2007,0.2133
699,27.12.2007,0.2170
700,28.12.2007,0.2221
701,03.01.2008,0.2213
702,04.01.2008,0.2208
703,07.01.2008,0.2202
704,08.01.2008,0.2210
705,09.01.2008,0.2235
706,10.01.2008,0.2265
707,11.01.2008,0.2253
708,14.01.2008,0.2283
709,15.01.2008,0.2275
710,16.01.2008,0.2279
711,17.01.2008,0.2267
712,18.01.2008,0.2274
713,21.01.2008,0.2289
714,22.01.2008,0.2314
715,23.01.2008,0.2315
716,24.01.2008,0.2319
717,25.01.2008,0.2319
718,28.01.2008,0.2319
719,29.01.2008,0.2302
720,30.01.2008,0.2291
721,31.01.2008,0.2277
722,01.02.2008,0.2267
723,04.02.2008,0.2220
724,05.02.2008,0.2230
725,06.02.2008,0.2250
726,07.02.2008,0.2256
727,08.02.2008,0.2261
728,11.02.2008,0.2247
729,12.02.2008,0.2234
730,13.02.2008,0.2236
731,14.02.2008,0.2241
732,15.02.2008,0.2238
733,18.02.2008,0.2238
734,19.02.2008,0.2238
735,20.02.2008,0.2244
736,21.02.2008,0.2250
737,22.02.2008,0.2259
738,25.02.2008,0.2251
739,26.02.2008,0.2241
740,27.02.2008,0.2244
741,28.02.2008,0.2248
742,29.02.2008,0.2293
743,03.03.2008,0.2314
744,04.03.2008,0.2296
745,05.03.2008,0.2288
746,06.03.2008,0.2275
747,07.03.2008,0.2299
748,10.03.2008,0.2286
749,11.03.2008,0.2275
750,12.03.2008,0.2191
751,13.03.2008,0.2217
752,14.03.2008,0.2210
753,17.03.2008,0.2248
754,18.03.2008,0.2216
755,19.03.2008,0.2205
756,20.03.2008,0.2228
757,21.03.2008,0.2228
758,24.03.2008,0.2273
759,25.03.2008,0.2267
760,26.03.2008,0.2251
761,27.03.2008,0.2253
762,28.03.2008,0.2254
763,31.03.2008,0.2236
764,01.04.2008,0.2227
765,02.04.2008,0.2248
766,03.04.2008,0.2246
767,04.04.2008,0.2264
768,07.04.2008,0.2252
769,08.04.2008,0.2223
770,09.04.2008,0.2225
771,10.04.2008,0.2226
772,11.04.2008,0.2192
773,14.04.2008,0.2198
774,15.04.2008,0.2184
775,16.04.2008,0.2196
776,17.04.2008,0.2187
777,18.04.2008,0.2181
778,21.04.2008,0.2159
779,22.04.2008,0.2154
780,23.04.2008,0.2152
781,24.04.2008,0.2156
782,25.04.2008,0.2204
783,29.04.2008,0.2258
784,30.04.2008,0.2272
785,02.05.2008,0.2257
786,05.05.2008,0.2248
787,06.05.2008,0.2260
788,07.05.2008,0.2273
789,08.05.2008,0.2289
790,09.05.2008,0.2310
791,12.05.2008,0.2299
792,13.05.2008,0.2291
793,14.05.2008,0.2294
794,15.05.2008,0.2292
795,16.05.2008,0.2279
796,19.05.2008,0.2271
797,20.05.2008,0.2252
798,21.05.2008,0.2255
799,22.05.2008,0.2256
800,23.05.2008,0.2259
801,26.05.2008,0.2261
802,27.05.2008,0.2262
803,28.05.2008,0.2261
804,29.05.2008,0.2253
805,30.05.2008,0.2270
806,02.06.2008,0.2262
807,03.06.2008,0.2278
808,04.06.2008,0.2285
809,05.06.2008,0.2276
810,06.06.2008,0.2312
811,09.06.2008,0.2353
812,10.06.2008,0.2314
813,11.06.2008,0.2288
814,12.06.2008,0.2333
815,13.06.2008,0.2346
816,16.06.2008,0.2352
817,17.06.2008,0.2352
818,18.06.2008,0.2353
819,19.06.2008,0.2362
820,20.06.2008,0.2359
821,23.06.2008,0.2371
822,24.06.2008,0.2355
823,25.06.2008,0.2365
824,26.06.2008,0.2356
825,27.06.2008,0.2342
826,30.06.2008,0.2337
827,01.07.2008,0.2332
828,02.07.2008,0.2326
829,03.07.2008,0.2320
830,04.07.2008,0.2306
831,07.07.2008,0.2301
832,08.07.2008,0.2321
833,09.07.2008,0.2296
834,10.07.2008,0.2299
835,11.07.2008,0.2321
836,14.07.2008,0.2318
837,15.07.2008,0.2321
838,16.07.2008,0.2316
839,17.07.2008,0.2272
840,18.07.2008,0.2291
841,21.07.2008,0.2284
842,22.07.2008,0.2301
843,23.07.2008,0.2312
844,24.07.2008,0.2297
845,25.07.2008,0.2320
846,28.07.2008,0.2320
847,29.07.2008,0.2313
848,30.07.2008,0.2305
849,31.07.2008,0.2337
850,01.08.2008,0.2324
851,04.08.2008,0.2313
852,05.08.2008,0.2319
853,06.08.2008,0.2298
854,07.08.2008,0.2314
855,08.08.2008,0.2333
856,11.08.2008,0.2376
857,12.08.2008,0.2371
858,13.08.2008,0.2461
859,14.08.2008,0.2458
860,15.08.2008,0.2466
861,18.08.2008,0.2451
862,19.08.2008,0.2480
863,20.08.2008,0.2476
864,21.08.2008,0.2482
865,22.08.2008,0.2475
866,25.08.2008,0.2475
867,26.08.2008,0.2491
868,27.08.2008,0.2494
869,28.08.2008,0.2500
870,29.08.2008,0.2476
871,01.09.2008,0.2467
872,02.09.2008,0.2485
873,03.09.2008,0.2495
874,04.09.2008,0.2553
875,05.09.2008,0.2590
876,08.09.2008,0.2585
877,09.09.2008,0.2603
878,10.09.2008,0.2616
879,11.09.2008,0.2627
880,12.09.2008,0.2620
881,15.09.2008,0.2633
882,16.09.2008,0.2633
883,17.09.2008,0.2625
884,18.09.2008,0.2662
885,19.09.2008,0.2605
886,22.09.2008,0.2503
887,23.09.2008,0.2428
888,24.09.2008,0.2434
889,25.09.2008,0.2414
890,26.09.2008,0.2418
891,29.09.2008,0.2431
892,30.09.2008,0.2451
893,01.10.2008,0.2513
894,02.10.2008,0.2550
895,03.10.2008,0.2626
896,06.10.2008,0.2673
897,07.10.2008,0.2758
898,08.10.2008,0.2755
899,09.10.2008,0.2686
900,10.10.2008,0.2689
901,13.10.2008,0.2689
902,14.10.2008,0.2701
903,15.10.2008,0.2715
904,16.10.2008,0.2706
905,17.10.2008,0.2695
906,20.10.2008,0.2647
907,21.10.2008,0.2612
908,22.10.2008,0.2594
909,23.10.2008,0.2611
910,24.10.2008,0.2664
911,27.10.2008,0.2835
912,28.10.2008,0.2874
913,29.10.2008,0.2818
914,30.10.2008,0.2741
915,31.10.2008,0.2768
916,03.11.2008,0.2795
917,04.11.2008,0.2766
918,05.11.2008,0.2780
919,06.11.2008,0.2804
920,07.11.2008,0.2773
921,10.11.2008,0.2835
922,11.11.2008,0.2827
923,12.11.2008,0.2904
924,13.11.2008,0.2924
925,14.11.2008,0.2879
926,17.11.2008,0.2846
927,18.11.2008,0.2930
928,19.11.2008,0.2939
929,20.11.2008,0.2926
930,21.11.2008,0.2901
931,24.11.2008,0.2916
932,25.11.2008,0.2912
933,26.11.2008,0.2857
934,27.11.2008,0.2872
935,28.11.2008,0.2824
936,02.12.2008,0.2893
937,03.12.2008,0.2915
938,04.12.2008,0.2924
939,05.12.2008,0.2933
940,08.12.2008,0.2925
941,09.12.2008,0.2917
942,10.12.2008,0.2914
943,11.12.2008,0.2906
944,12.12.2008,0.2857
945,15.12.2008,0.2864
946,16.12.2008,0.2815
947,17.12.2008,0.2777
948,18.12.2008,0.2788
949,19.12.2008,0.2786
950,22.12.2008,0.2773
951,23.12.2008,0.2703
952,24.12.2008,0.2727
953,29.12.2008,0.2729
954,30.12.2008,0.2672
955,31.12.2008,0.2704
956,05.01.2009,0.2734
957,06.01.2009,0.2756
958,07.01.2009,0.2762
959,08.01.2009,0.2808
960,09.01.2009,0.2858
961,12.01.2009,0.2938
962,13.01.2009,0.3081
963,14.01.2009,0.3066
964,15.01.2009,0.3102
965,16.01.2009,0.3100
966,19.01.2009,0.3090
967,20.01.2009,0.3095
968,21.01.2009,0.3167
969,22.01.2009,0.3173
970,23.01.2009,0.3157
971,26.01.2009,0.3164
972,27.01.2009,0.3111
973,28.01.2009,0.3052
974,29.01.2009,0.3032
975,30.01.2009,0.3097
976,02.02.2009,0.3186
977,03.02.2009,0.3191
978,04.02.2009,0.3172
979,05.02.2009,0.3164
980,06.02.2009,0.3138
981,09.02.2009,0.3133
982,10.02.2009,0.3142
983,11.02.2009,0.3129
984,12.02.2009,0.3145
985,13.02.2009,0.3147
986,16.02.2009,0.3158
987,17.02.2009,0.3156
988,18.02.2009,0.3191
989,19.02.2009,0.3204
990,20.02.2009,0.3197
991,23.02.2009,0.3200
992,24.02.2009,0.3144
993,25.02.2009,0.3141
994,26.02.2009,0.3153
995,27.02.2009,0.3149
996,02.03.2009,0.3181
997,03.03.2009,0.3189
998,04.03.2009,0.3184
999,05.03.2009,0.3190
1000,06.03.2009,0.3199
1001,09.03.2009,0.3155
1002,10.03.2009,0.3176
1003,11.03.2009,0.3168
1004,12.03.2009,0.3171
1005,13.03.2009,0.3164
1006,16.03.2009,0.3065
1007,17.03.2009,0.3043
1008,18.03.2009,0.3051
1009,19.03.2009,0.3035
1010,20.03.2009,0.2897
1011,23.03.2009,0.2897
1012,24.03.2009,0.2887
1013,25.03.2009,0.2881
1014,26.03.2009,0.2890
1015,27.03.2009,0.2874
1016,30.03.2009,0.2868
1017,31.03.2009,0.2865
1018,01.04.2009,0.2840
1019,02.04.2009,0.2832
1020,03.04.2009,0.2855
1021,06.04.2009,0.2831
1022,07.04.2009,0.2801
1023,08.04.2009,0.2811
1024,09.04.2009,0.2799
1025,10.04.2009,0.2768
1026,13.04.2009,0.2830
1027,14.04.2009,0.2810
1028,15.04.2009,0.2835
1029,16.04.2009,0.2834
1030,17.04.2009,0.2833
1031,21.04.2009,0.2887
1032,22.04.2009,0.2910
1033,23.04.2009,0.2908
1034,24.04.2009,0.2908
1035,27.04.2009,0.2897
1036,28.04.2009,0.2830
1037,29.04.2009,0.2857
1038,30.04.2009,0.2795
1039,04.05.2009,0.2793
1040,05.05.2009,0.2784
1041,06.05.2009,0.2786
1042,07.05.2009,0.2762
1043,08.05.2009,0.2768
1044,11.05.2009,0.2752
1045,12.05.2009,0.2750
1046,13.05.2009,0.2753
1047,14.05.2009,0.2726
1048,15.05.2009,0.2745
1049,18.05.2009,0.2734
1050,19.05.2009,0.2721
1051,20.05.2009,0.2715
1052,21.05.2009,0.2715
1053,22.05.2009,0.2694
1054,25.05.2009,0.2655
1055,26.05.2009,0.2661
1056,27.05.2009,0.2688
1057,28.05.2009,0.2693
1058,29.05.2009,0.2684
1059,01.06.2009,0.2686
1060,02.06.2009,0.2629
1061,03.06.2009,0.2630
1062,04.06.2009,0.2643
1063,05.06.2009,0.2658
1064,09.06.2009,0.2722
1065,10.06.2009,0.2705
1066,11.06.2009,0.2704
1067,12.06.2009,0.2682
1068,15.06.2009,0.2687
1069,16.06.2009,0.2699
1070,17.06.2009,0.2733
1071,18.06.2009,0.2733
1072,19.06.2009,0.2726
1073,22.06.2009,0.2724
1074,23.06.2009,0.2736
1075,24.06.2009,0.2704
1076,25.06.2009,0.2674
1077,26.06.2009,0.2694
1078,29.06.2009,0.2696
1079,30.06.2009,0.2663
1080,01.07.2009,0.2652
1081,02.07.2009,0.2661
1082,03.07.2009,0.2656
1083,06.07.2009,0.2661
1084,07.07.2009,0.2660
1085,08.07.2009,0.2665
1086,09.07.2009,0.2664
1087,10.07.2009,0.2691
1088,13.07.2009,0.2711
1089,14.07.2009,0.2691
1090,15.07.2009,0.2692
1091,16.07.2009,0.2680
1092,17.07.2009,0.2692
1093,20.07.2009,0.2687
1094,21.07.2009,0.2660
1095,22.07.2009,0.2659
1096,23.07.2009,0.2657
1097,24.07.2009,0.2648
1098,27.07.2009,0.2635
1099,28.07.2009,0.2632
1100,29.07.2009,0.2640
1101,30.07.2009,0.2629
1102,31.07.2009,0.2634
1103,03.08.2009,0.2634
1104,04.08.2009,0.2627
1105,05.08.2009,0.2629
1106,06.08.2009,0.2627
1107,07.08.2009,0.2633
1108,10.08.2009,0.2627
1109,11.08.2009,0.2648
1110,12.08.2009,0.2654
1111,13.08.2009,0.2649
1112,14.08.2009,0.2635
1113,17.08.2009,0.2642
1114,18.08.2009,0.2678
1115,19.08.2009,0.2683
1116,20.08.2009,0.2687
1117,21.08.2009,0.2653
1118,24.08.2009,0.2649
1119,25.08.2009,0.2649
1120,26.08.2009,0.2629
1121,27.08.2009,0.2633
1122,28.08.2009,0.2627
1123,31.08.2009,0.2632
1124,01.09.2009,0.2632
1125,02.09.2009,0.2645
1126,03.09.2009,0.2649
1127,04.09.2009,0.2649
1128,07.09.2009,0.2649
1129,08.09.2009,0.2637
1130,09.09.2009,0.2642
1131,10.09.2009,0.2644
1132,11.09.2009,0.2622
1133,14.09.2009,0.2634
1134,15.09.2009,0.2630
1135,16.09.2009,0.2626
1136,17.09.2009,0.2624
1137,18.09.2009,0.2629
1138,21.09.2009,0.2591
1139,22.09.2009,0.2584
1140,23.09.2009,0.2548
1141,24.09.2009,0.2538
1142,25.09.2009,0.2533
1143,28.09.2009,0.2528
1144,29.09.2009,0.2469
1145,30.09.2009,0.2477
1146,01.10.2009,0.2507
1147,02.10.2009,0.2524
1148,05.10.2009,0.2517
1149,06.10.2009,0.2514
1150,07.10.2009,0.2561
1151,08.10.2009,0.2575
1152,09.10.2009,0.2576
1153,12.10.2009,0.2579
1154,13.10.2009,0.2583
1155,14.10.2009,0.2585
1156,15.10.2009,0.2596
1157,16.10.2009,0.2580
1158,19.10.2009,0.2581
1159,20.10.2009,0.2582
1160,21.10.2009,0.2583
1161,22.10.2009,0.2588
1162,23.10.2009,0.2586
1163,26.10.2009,0.2585
1164,27.10.2009,0.2587
1165,28.10.2009,0.2609
1166,29.10.2009,0.2615
1167,30.10.2009,0.2607
1168,02.11.2009,0.2613
1169,03.11.2009,0.2631
1170,04.11.2009,0.2632
1171,05.11.2009,0.2632
1172,06.11.2009,0.2632
1173,09.11.2009,0.2617
1174,10.11.2009,0.2612
1175,11.11.2009,0.2611
1176,12.11.2009,0.2592
1177,13.11.2009,0.2592
1178,16.11.2009,0.2591
1179,17.11.2009,0.2592
1180,18.11.2009,0.2593
1181,19.11.2009,0.2591
1182,20.11.2009,0.2594
1183,23.11.2009,0.2593
1184,24.11.2009,0.2584
1185,25.11.2009,0.2581
1186,26.11.2009,0.2589
1187,27.11.2009,0.2593
1188,30.11.2009,0.2589
1189,02.12.2009,0.2538
1190,03.12.2009,0.2514
1191,04.12.2009,0.2507
1192,07.12.2009,0.2505
1193,08.12.2009,0.2517
1194,09.12.2009,0.2524
1195,10.12.2009,0.2475
1196,11.12.2009,0.2483
1197,14.12.2009,0.2484
1198,15.12.2009,0.2485
1199,16.12.2009,0.2361
1200,17.12.2009,0.2348
1201,18.12.2009,0.2349
1202,21.12.2009,0.2352
1203,22.12.2009,0.2396
1204,23.12.2009,0.2383
1205,24.12.2009,0.2382
1206,28.12.2009,0.2380
1207,29.12.2009,0.2386
1208,30.12.2009,0.2397
1209,31.12.2009,0.2397
1210,04.01.2010,0.2396
1211,05.01.2010,0.2385
1212,06.01.2010,0.2359
1213,07.01.2010,0.2365
1214,08.01.2010,0.2362
1215,11.01.2010,0.2346
1216,12.01.2010,0.2344
1217,13.01.2010,0.2317
1218,14.01.2010,0.2321
1219,15.01.2010,0.2313
1220,18.01.2010,0.2323
1221,19.01.2010,0.2328
1222,20.01.2010,0.2335
1223,21.01.2010,0.2349
1224,22.01.2010,0.2350
1225,25.01.2010,0.2338
1226,26.01.2010,0.2332
1227,27.01.2010,0.2339
1228,28.01.2010,0.2347
1229,29.01.2010,0.2341
1230,01.02.2010,0.2328
1231,02.02.2010,0.2334
1232,03.02.2010,0.2310
1233,04.02.2010,0.2324
1234,05.02.2010,0.2342
1235,08.02.2010,0.2364
1236,09.02.2010,0.2374
1237,10.02.2010,0.2365
1238,11.02.2010,0.2361
1239,12.02.2010,0.2351
1240,15.02.2010,0.2346
1241,16.02.2010,0.2369
1242,17.02.2010,0.2373
1243,18.02.2010,0.2378
1244,19.02.2010,0.2390
1245,22.02.2010,0.2393
1246,23.02.2010,0.2372
1247,24.02.2010,0.2375
1248,25.02.2010,0.2378
1249,26.02.2010,0.2377
1250,01.03.2010,0.2361
1251,02.03.2010,0.2370
1252,03.03.2010,0.2372
1253,04.03.2010,0.2365
1254,05.03.2010,0.2346
1255,08.03.2010,0.2347
1256,09.03.2010,0.2369
1257,10.03.2010,0.2374
1258,11.03.2010,0.2374
1259,12.03.2010,0.2369
1260,15.03.2010,0.2367
1261,16.03.2010,0.2368
1262,17.03.2010,0.2377
1263,18.03.2010,0.2376
1264,19.03.2010,0.2395
1265,22.03.2010,0.2398
1266,23.03.2010,0.2422
1267,24.03.2010,0.2420
1268,25.03.2010,0.2417
1269,26.03.2010,0.2418
1270,29.03.2010,0.2447
1271,30.03.2010,0.2434
1272,31.03.2010,0.2448
1273,01.04.2010,0.2456
1274,02.04.2010,0.2454
1275,06.04.2010,0.2450
1276,07.04.2010,0.2464
1277,08.04.2010,0.2478
1278,09.04.2010,0.2505
1279,12.04.2010,0.2505
1280,13.04.2010,0.2512
1281,14.04.2010,0.2448
1282,15.04.2010,0.2440
1283,16.04.2010,0.2442
1284,19.04.2010,0.2447
1285,20.04.2010,0.2458
1286,21.04.2010,0.2449
1287,22.04.2010,0.2455
1288,23.04.2010,0.2457
1289,26.04.2010,0.2460
1290,27.04.2010,0.2462
1291,28.04.2010,0.2473
1292,29.04.2010,0.2470
1293,30.04.2010,0.2464
1294,03.05.2010,0.2460
1295,04.05.2010,0.2465
1296,05.05.2010,0.2506
1297,06.05.2010,0.2527
1298,07.05.2010,0.2529
1299,10.05.2010,0.2584
1300,11.05.2010,0.2555
1301,12.05.2010,0.2622
1302,13.05.2010,0.2624
1303,14.05.2010,0.2648
1304,17.05.2010,0.2652
1305,18.05.2010,0.2697
1306,19.05.2010,0.2700
1307,20.05.2010,0.2710
1308,21.05.2010,0.2660
1309,25.05.2010,0.2645
1310,26.05.2010,0.2677
1311,27.05.2010,0.2665
1312,28.05.2010,0.2647
1313,31.05.2010,0.2657
1314,01.06.2010,0.2646
1315,02.06.2010,0.2642
1316,03.06.2010,0.2646
1317,04.06.2010,0.2658
1318,07.06.2010,0.2680
1319,08.06.2010,0.2734
1320,09.06.2010,0.2727
1321,10.06.2010,0.2728
1322,11.06.2010,0.2725
1323,14.06.2010,0.2698
1324,15.06.2010,0.2681
1325,16.06.2010,0.2676
1326,17.06.2010,0.2675
1327,18.06.2010,0.2661
1328,21.06.2010,0.2650
1329,22.06.2010,0.2647
1330,23.06.2010,0.2645
1331,24.06.2010,0.2650
1332,25.06.2010,0.2711
1333,28.06.2010,0.2745
1334,29.06.2010,0.2749
1335,30.06.2010,0.2791
1336,01.07.2010,0.2760
1337,02.07.2010,0.2729
1338,05.07.2010,0.2701
1339,06.07.2010,0.2637
1340,07.07.2010,0.2633
1341,08.07.2010,0.2631
1342,09.07.2010,0.2620
1343,12.07.2010,0.2626
1344,13.07.2010,0.2661
1345,14.07.2010,0.2662
1346,15.07.2010,0.2648
1347,16.07.2010,0.2650
1348,19.07.2010,0.2626
1349,20.07.2010,0.2639
1350,21.07.2010,0.2656
1351,22.07.2010,0.2654
1352,23.07.2010,0.2682
1353,26.07.2010,0.2677
1354,27.07.2010,0.2670
1355,28.07.2010,0.2673
1356,29.07.2010,0.2666
1357,30.07.2010,0.2645
1358,02.08.2010,0.2663
1359,03.08.2010,0.2649
1360,04.08.2010,0.2631
1361,05.08.2010,0.2647
1362,06.08.2010,0.2651
1363,09.08.2010,0.2673
1364,10.08.2010,0.2663
1365,11.08.2010,0.2696
1366,12.08.2010,0.2692
1367,13.08.2010,0.2779
1368,16.08.2010,0.2778
1369,17.08.2010,0.2767
1370,18.08.2010,0.2769
1371,19.08.2010,0.2695
1372,20.08.2010,0.2679
1373,23.08.2010,0.2695
1374,24.08.2010,0.2704
1375,25.08.2010,0.2703
1376,26.08.2010,0.2752
1377,27.08.2010,0.2751
1378,30.08.2010,0.2743
1379,31.08.2010,0.2761
1380,01.09.2010,0.2757
1381,02.09.2010,0.2737
1382,03.09.2010,0.2749
1383,06.09.2010,0.2724
1384,07.09.2010,0.2733
1385,08.09.2010,0.2731
1386,09.09.2010,0.2731
1387,10.09.2010,0.2716
1388,13.09.2010,0.2704
1389,14.09.2010,0.2675
1390,15.09.2010,0.2663
1391,16.09.2010,0.2643
1392,17.09.2010,0.2647
1393,20.09.2010,0.2673
1394,21.09.2010,0.2678
1395,22.09.2010,0.2668
1396,23.09.2010,0.2623
1397,24.09.2010,0.2609
1398,27.09.2010,0.2606
1399,28.09.2010,0.2612
1400,29.09.2010,0.2634
1401,30.09.2010,0.2631
1402,01.10.2010,0.2617
1403,04.10.2010,0.2626
1404,05.10.2010,0.2629
1405,06.10.2010,0.2621
1406,07.10.2010,0.2615
1407,08.10.2010,0.2596
1408,11.10.2010,0.2621
1409,12.10.2010,0.2628
1410,13.10.2010,0.2630
1411,14.10.2010,0.2629
1412,15.10.2010,0.2631
1413,18.10.2010,0.2616
1414,19.10.2010,0.2661
1415,20.10.2010,0.2663
1416,21.10.2010,0.2666
1417,22.10.2010,0.2663
1418,25.10.2010,0.2592
1419,26.10.2010,0.2564
1420,27.10.2010,0.2569
1421,28.10.2010,0.2605
1422,29.10.2010,0.2608
1423,01.11.2010,0.2613
1424,02.11.2010,0.2617
1425,03.11.2010,0.2605
1426,04.11.2010,0.2602
1427,05.11.2010,0.2599
1428,08.11.2010,0.2596
1429,09.11.2010,0.2651
1430,10.11.2010,0.2652
1431,11.11.2010,0.2656
1432,12.11.2010,0.2659
1433,15.11.2010,0.2706
1434,16.11.2010,0.2691
1435,17.11.2010,0.2675
1436,18.11.2010,0.2675
1437,19.11.2010,0.2639
1438,22.11.2010,0.2620
1439,23.11.2010,0.2632
1440,24.11.2010,0.2671
1441,25.11.2010,0.2666
1442,26.11.2010,0.2698
1443,29.11.2010,0.2694
1444,30.11.2010,0.2684
1445,02.12.2010,0.2705
1446,03.12.2010,0.2675
1447,06.12.2010,0.2654
1448,07.12.2010,0.2637
1449,08.12.2010,0.2611
1450,09.12.2010,0.2611
1451,10.12.2010,0.2645
1452,13.12.2010,0.2641
1453,14.12.2010,0.2665
1454,15.12.2010,0.2658
1455,16.12.2010,0.2663
1456,17.12.2010,0.2712
1457,20.12.2010,0.2693
1458,21.12.2010,0.2694
1459,22.12.2010,0.2690
1460,23.12.2010,0.2691
1461,24.12.2010,0.2708
1462,27.12.2010,0.2708
1463,28.12.2010,0.2675
1464,29.12.2010,0.2677
1465,30.12.2010,0.2675
1466,31.12.2010,0.2661
1467,03.01.2011,0.2651
1468,04.01.2011,0.2631
1469,05.01.2011,0.2633
1470,06.01.2011,0.2627
1471,07.01.2011,0.2625
1472,10.01.2011,0.2655
1473,11.01.2011,0.2683
1474,12.01.2011,0.2679
1475,13.01.2011,0.2682
1476,14.01.2011,0.2621
1477,17.01.2011,0.2569
1478,18.01.2011,0.2578
1479,19.01.2011,0.2576
1480,20.01.2011,0.2581
1481,21.01.2011,0.2580
1482,24.01.2011,0.2603
1483,25.01.2011,0.2607
1484,26.01.2011,0.2582
1485,27.01.2011,0.2585
1486,28.01.2011,0.2579
1487,31.01.2011,0.2577
1488,01.02.2011,0.2597
1489,02.02.2011,0.2575
1490,03.02.2011,0.2576
1491,04.02.2011,0.2578
1492,07.02.2011,0.2620
1493,08.02.2011,0.2635
1494,09.02.2011,0.2604
1495,10.02.2011,0.2606
1496,11.02.2011,0.2599
1497,14.02.2011,0.2590
1498,15.02.2011,0.2638
1499,16.02.2011,0.2644
1500,17.02.2011,0.2619
1501,18.02.2011,0.2618
1502,21.02.2011,0.2613
1503,22.02.2011,0.2609
1504,23.02.2011,0.2559
1505,24.02.2011,0.2556
1506,25.02.2011,0.2544
1507,28.02.2011,0.2545
1508,01.03.2011,0.2544
1509,02.03.2011,0.2541
1510,03.03.2011,0.2539
1511,04.03.2011,0.2538
1512,07.03.2011,0.2535
1513,08.03.2011,0.2523
1514,09.03.2011,0.2497
1515,10.03.2011,0.2498
1516,11.03.2011,0.2548
1517,14.03.2011,0.2528
1518,15.03.2011,0.2518
1519,16.03.2011,0.2515
1520,17.03.2011,0.2513
1521,18.03.2011,0.2507
1522,21.03.2011,0.2507
1523,22.03.2011,0.2438
1524,23.03.2011,0.2423
1525,24.03.2011,0.2430
1526,25.03.2011,0.2431
1527,28.03.2011,0.2437
1528,29.03.2011,0.2470
1529,30.03.2011,0.2453
1530,31.03.2011,0.2462
1531,01.04.2011,0.2476
1532,04.04.2011,0.2451
1533,05.04.2011,0.2430
1534,06.04.2011,0.2423
1535,07.04.2011,0.2421
1536,08.04.2011,0.2424
1537,11.04.2011,0.2422
1538,12.04.2011,0.2424
1539,13.04.2011,0.2438
1540,14.04.2011,0.2431
1541,15.04.2011,0.2427
1542,18.04.2011,0.2441
1543,19.04.2011,0.2474
1544,20.04.2011,0.2471
1545,21.04.2011,0.2435
1546,22.04.2011,0.2430
1547,26.04.2011,0.2408
1548,27.04.2011,0.2413
1549,28.04.2011,0.2413
1550,29.04.2011,0.2383
1551,02.05.2011,0.2390
1552,03.05.2011,0.2402
1553,04.05.2011,0.2427
1554,05.05.2011,0.2423
1555,06.05.2011,0.2437
1556,09.05.2011,0.2427
1557,10.05.2011,0.2418
1558,11.05.2011,0.2499
1559,12.05.2011,0.2508
1560,13.05.2011,0.2522
1561,16.05.2011,0.2521
1562,17.05.2011,0.2521
1563,18.05.2011,0.2489
1564,19.05.2011,0.2493
1565,20.05.2011,0.2440
1566,23.05.2011,0.2451
1567,24.05.2011,0.2496
1568,25.05.2011,0.2499
1569,26.05.2011,0.2502
1570,27.05.2011,0.2501
1571,30.05.2011,0.2494
1572,31.05.2011,0.2471
1573,01.06.2011,0.2476
1574,02.06.2011,0.2479
1575,03.06.2011,0.2477
1576,06.06.2011,0.2479
1577,07.06.2011,0.2491
1578,08.06.2011,0.2466
1579,09.06.2011,0.2466
1580,10.06.2011,0.2457
1581,14.06.2011,0.2467
1582,15.06.2011,0.2468
1583,16.06.2011,0.2488
1584,17.06.2011,0.2500
1585,20.06.2011,0.2520
1586,21.06.2011,0.2507
1587,22.06.2011,0.2513
1588,23.06.2011,0.2500
1589,24.06.2011,0.2492
1590,27.06.2011,0.2494
1591,28.06.2011,0.2563
1592,29.06.2011,0.2553
1593,30.06.2011,0.2528
1594,01.07.2011,0.2517
1595,04.07.2011,0.2505
1596,05.07.2011,0.2490
1597,06.07.2011,0.2524
1598,07.07.2011,0.2528
1599,08.07.2011,0.2525
1600,11.07.2011,0.2539
1601,12.07.2011,0.2631
1602,13.07.2011,0.2625
1603,14.07.2011,0.2627
1604,15.07.2011,0.2616
1605,18.07.2011,0.2614
1606,19.07.2011,0.2606
1607,20.07.2011,0.2598
1608,21.07.2011,0.2600
1609,22.07.2011,0.2586
1610,25.07.2011,0.2604
1611,26.07.2011,0.2603
1612,27.07.2011,0.2592
1613,28.07.2011,0.2599
1614,29.07.2011,0.2597
1615,01.08.2011,0.2587
1616,02.08.2011,0.2594
1617,03.08.2011,0.2617
1618,04.08.2011,0.2611
1619,05.08.2011,0.2622
1620,08.08.2011,0.2607
1621,09.08.2011,0.2621
1622,10.08.2011,0.2618
1623,11.08.2011,0.2632
1624,12.08.2011,0.2628
1625,16.08.2011,0.2633
1626,17.08.2011,0.2627
1627,18.08.2011,0.2625
1628,19.08.2011,0.2631
1629,22.08.2011,0.2627
1630,23.08.2011,0.2625
1631,24.08.2011,0.2620
1632,25.08.2011,0.2622
1633,26.08.2011,0.2617
1634,29.08.2011,0.2614
1635,30.08.2011,0.2603
1636,31.08.2011,0.2604
1637,01.09.2011,0.2609
1638,02.09.2011,0.2615
1639,05.09.2011,0.2616
1640,06.09.2011,0.2664
1641,07.09.2011,0.2641
1642,08.09.2011,0.2662
1643,09.09.2011,0.2660
1644,12.09.2011,0.2726
1645,13.09.2011,0.2730
1646,14.09.2011,0.2734
1647,15.09.2011,0.2685
1648,16.09.2011,0.2671
1649,19.09.2011,0.2676
1650,20.09.2011,0.2679
1651,21.09.2011,0.2686
1652,22.09.2011,0.2697
1653,23.09.2011,0.2734
1654,26.09.2011,0.2706
1655,27.09.2011,0.2715
1656,28.09.2011,0.2721
1657,29.09.2011,0.2721
1658,30.09.2011,0.2683
1659,03.10.2011,0.2696
1660,04.10.2011,0.2692
1661,05.10.2011,0.2752
1662,06.10.2011,0.2696
1663,07.10.2011,0.2697
1664,10.10.2011,0.2691
1665,11.10.2011,0.2693
1666,12.10.2011,0.2688
1667,13.10.2011,0.2683
1668,14.10.2011,0.2689
1669,17.10.2011,0.2695
1670,18.10.2011,0.2707
1671,19.10.2011,0.2696
1672,20.10.2011,0.2693
1673,21.10.2011,0.2692
1674,24.10.2011,0.2686
1675,25.10.2011,0.2662
1676,26.10.2011,0.2653
1677,27.10.2011,0.2669
1678,28.10.2011,0.2647
1679,31.10.2011,0.2633
1680,01.11.2011,0.2680
1681,02.11.2011,0.2748
1682,03.11.2011,0.2727
1683,04.11.2011,0.2708
1684,07.11.2011,0.2702
1685,08.11.2011,0.2722
1686,09.11.2011,0.2724
1687,10.11.2011,0.2750
1688,11.11.2011,0.2751
1689,14.11.2011,0.2730
1690,15.11.2011,0.2726
1691,16.11.2011,0.2755
1692,17.11.2011,0.2760
1693,18.11.2011,0.2747
1694,21.11.2011,0.2723
1695,22.11.2011,0.2753
1696,23.11.2011,0.2732
1697,24.11.2011,0.2752
1698,25.11.2011,0.2748
1699,28.11.2011,0.2766
1700,29.11.2011,0.2730
1701,30.11.2011,0.2741
1702,02.12.2011,0.2724
1703,05.12.2011,0.2727
1704,06.12.2011,0.2747
1705,07.12.2011,0.2756
1706,08.12.2011,0.2759
1707,09.12.2011,0.2754
1708,12.12.2011,0.2755
1709,13.12.2011,0.2789
1710,14.12.2011,0.2787
1711,15.12.2011,0.2825
1712,16.12.2011,0.2820
1713,19.12.2011,0.2794
1714,20.12.2011,0.2798
1715,21.12.2011,0.2787
1716,22.12.2011,0.2790
1717,23.12.2011,0.2799
1718,27.12.2011,0.2800
1719,28.12.2011,0.2790
1720,29.12.2011,0.2801
1721,30.12.2011,0.2866
1722,04.01.2012,0.2833
1723,05.01.2012,0.2867
1724,06.01.2012,0.2897
1725,09.01.2012,0.2908
1726,10.01.2012,0.2904
1727,11.01.2012,0.2897
1728,12.01.2012,0.2888
1729,13.01.2012,0.2856
1730,16.01.2012,0.2839
1731,17.01.2012,0.2863
1732,18.01.2012,0.2856
1733,19.01.2012,0.2838
1734,20.01.2012,0.2827
1735,23.01.2012,0.2838
1736,24.01.2012,0.2819
1737,25.01.2012,0.2832
1738,26.01.2012,0.2838
1739,27.01.2012,0.2798
1740,30.01.2012,0.2794
1741,31.01.2012,0.2808
1742,01.02.2012,0.2792
1743,02.02.2012,0.2804
1744,03.02.2012,0.2787
1745,06.02.2012,0.2767
1746,07.02.2012,0.2778
1747,08.02.2012,0.2764
1748,09.02.2012,0.2732
1749,10.02.2012,0.2746
1750,13.02.2012,0.2758
1751,14.02.2012,0.2771
1752,15.02.2012,0.2786
1753,16.02.2012,0.2800
1754,17.02.2012,0.2828
1755,20.02.2012,0.2785
1756,21.02.2012,0.2768
1757,22.02.2012,0.2788
1758,23.02.2012,0.2777
1759,24.02.2012,0.2764
1760,27.02.2012,0.2738
1761,28.02.2012,0.2741
1762,29.02.2012,0.2741
1763,01.03.2012,0.2744
1764,02.03.2012,0.2770
1765,05.03.2012,0.2793
1766,06.03.2012,0.2791
1767,07.03.2012,0.2799
1768,08.03.2012,0.2799
1769,09.03.2012,0.2799
1770,12.03.2012,0.2795
1771,13.03.2012,0.2802
1772,14.03.2012,0.2807
1773,15.03.2012,0.2820
1774,16.03.2012,0.2825
1775,19.03.2012,0.2819
1776,20.03.2012,0.2797
1777,21.03.2012,0.2795
1778,22.03.2012,0.2783
1779,23.03.2012,0.2796
1780,26.03.2012,0.2795
1781,27.03.2012,0.2795
1782,28.03.2012,0.2798
1783,29.03.2012,0.2801
1784,30.03.2012,0.2801
1785,02.04.2012,0.2801
1786,03.04.2012,0.2770
1787,04.04.2012,0.2773
1788,05.04.2012,0.2773
1789,06.04.2012,0.2771
1790,09.04.2012,0.2770
1791,10.04.2012,0.2770
1792,11.04.2012,0.2774
1793,12.04.2012,0.2773
1794,13.04.2012,0.2773
1795,17.04.2012,0.2774
1796,18.04.2012,0.2776
1797,19.04.2012,0.2839
1798,20.04.2012,0.2827
1799,23.04.2012,0.2830
1800,24.04.2012,0.2811
1801,25.04.2012,0.2821
1802,26.04.2012,0.2810
1803,27.04.2012,0.2811
1804,30.04.2012,0.2825
1805,02.05.2012,0.2841
1806,03.05.2012,0.2862
1807,04.05.2012,0.2855
1808,07.05.2012,0.2858
1809,08.05.2012,0.2860
1810,09.05.2012,0.2869
1811,10.05.2012,0.2860
1812,11.05.2012,0.2882
1813,14.05.2012,0.2888
1814,15.05.2012,0.2909
1815,16.05.2012,0.2920
1816,17.05.2012,0.2946
1817,18.05.2012,0.2947
1818,21.05.2012,0.2942
1819,22.05.2012,0.2930
1820,23.05.2012,0.2942
1821,24.05.2012,0.2971
1822,25.05.2012,0.2977
1823,28.05.2012,0.2973
1824,29.05.2012,0.2968
1825,30.05.2012,0.2974
1826,31.05.2012,0.2993
1827,01.06.2012,0.2998
1828,05.06.2012,0.2981
1829,06.06.2012,0.2984
1830,07.06.2012,0.2967
1831,08.06.2012,0.2946
1832,11.06.2012,0.2976
1833,12.06.2012,0.2950
1834,13.06.2012,0.2965
1835,14.06.2012,0.2953
1836,15.06.2012,0.2943
1837,18.06.2012,0.2934
1838,19.06.2012,0.2929
1839,20.06.2012,0.2933
1840,21.06.2012,0.2908
1841,22.06.2012,0.2907
1842,25.06.2012,0.2923
1843,26.06.2012,0.2935
1844,27.06.2012,0.2902
1845,28.06.2012,0.2905
1846,29.06.2012,0.2920
1847,02.07.2012,0.2887
1848,03.07.2012,0.2880
1849,04.07.2012,0.2904
1850,05.07.2012,0.2915
1851,06.07.2012,0.2949
1852,09.07.2012,0.2985
1853,10.07.2012,0.2994
1854,11.07.2012,0.2991
1855,12.07.2012,0.2994
1856,13.07.2012,0.3030
1857,16.07.2012,0.3023
1858,17.07.2012,0.3032
1859,18.07.2012,0.3002
1860,19.07.2012,0.3011
1861,20.07.2012,0.3004
1862,23.07.2012,0.3028
1863,24.07.2012,0.3075
1864,25.07.2012,0.3062
1865,26.07.2012,0.3044
1866,27.07.2012,0.3011
1867,30.07.2012,0.2952
1868,31.07.2012,0.2971
1869,01.08.2012,0.2979
1870,02.08.2012,0.2986
1871,03.08.2012,0.3019
1872,06.08.2012,0.2966
1873,07.08.2012,0.2927
1874,08.08.2012,0.2912
1875,09.08.2012,0.2926
1876,10.08.2012,0.2941
1877,13.08.2012,0.2951
1878,14.08.2012,0.2939
1879,16.08.2012,0.2936
1880,17.08.2012,0.2935
1881,20.08.2012,0.2920
1882,21.08.2012,0.2931
1883,22.08.2012,0.2898
1884,23.08.2012,0.2888
1885,24.08.2012,0.2861
1886,27.08.2012,0.2851
1887,28.08.2012,0.2852
1888,29.08.2012,0.2855
1889,30.08.2012,0.2849
1890,31.08.2012,0.2847
1891,03.09.2012,0.2871
1892,04.09.2012,0.2865
1893,05.09.2012,0.2865
1894,06.09.2012,0.2868
1895,07.09.2012,0.2849
1896,10.09.2012,0.2837
1897,11.09.2012,0.2819
1898,12.09.2012,0.2821
1899,13.09.2012,0.2810
1900,14.09.2012,0.2811
1901,17.09.2012,0.2773
1902,18.09.2012,0.2768
1903,19.09.2012,0.2789
1904,20.09.2012,0.2805
1905,21.09.2012,0.2819
1906,24.09.2012,0.2808
1907,25.09.2012,0.2828
1908,26.09.2012,0.2828
1909,27.09.2012,0.2832
1910,28.09.2012,0.2845
1911,01.10.2012,0.2824
1912,02.10.2012,0.2827
1913,03.10.2012,0.2829
1914,04.10.2012,0.2840
1915,05.10.2012,0.2855
1916,08.10.2012,0.2848
1917,09.10.2012,0.2872
1918,10.10.2012,0.2879
1919,11.10.2012,0.2902
1920,12.10.2012,0.2894
1921,15.10.2012,0.2889
1922,16.10.2012,0.2896
1923,17.10.2012,0.2889
1924,18.10.2012,0.2871
1925,19.10.2012,0.2872
1926,22.10.2012,0.2879
1927,23.10.2012,0.2870
1928,24.10.2012,0.2880
1929,25.10.2012,0.2883
1930,26.10.2012,0.2861
1931,29.10.2012,0.2876
1932,30.10.2012,0.2873
1933,31.10.2012,0.2857
1934,01.11.2012,0.2836
1935,02.11.2012,0.2836
1936,05.11.2012,0.2851
1937,06.11.2012,0.2867
1938,07.11.2012,0.2855
1939,08.11.2012,0.2859
1940,09.11.2012,0.2879
1941,12.11.2012,0.2886
1942,13.11.2012,0.2897
1943,14.11.2012,0.2901
1944,15.11.2012,0.2897
1945,16.11.2012,0.2891
1946,19.11.2012,0.2892
1947,20.11.2012,0.2884
1948,21.11.2012,0.2872
1949,22.11.2012,0.2868
1950,23.11.2012,0.2849
1951,26.11.2012,0.2836
1952,27.11.2012,0.2805
1953,28.11.2012,0.2811
1954,29.11.2012,0.2822
1955,03.12.2012,0.2809
1956,04.12.2012,0.2817
1957,05.12.2012,0.2817
1958,06.12.2012,0.2820
1959,07.12.2012,0.2824
1960,10.12.2012,0.2859
1961,11.12.2012,0.2870
1962,12.12.2012,0.2849
1963,13.12.2012,0.2829
1964,14.12.2012,0.2808
1965,17.12.2012,0.2804
1966,18.12.2012,0.2793
1967,19.12.2012,0.2803
1968,20.12.2012,0.2785
1969,21.12.2012,0.2770
1970,24.12.2012,0.2773
1971,27.12.2012,0.2779
1972,28.12.2012,0.2769
1973,31.12.2012,0.2769
1974,03.01.2013,0.2759
1975,04.01.2013,0.2790
1976,07.01.2013,0.2788
1977,08.01.2013,0.2780
1978,09.01.2013,0.2801
1979,10.01.2013,0.2762
1980,11.01.2013,0.2743
1981,14.01.2013,0.2706
1982,15.01.2013,0.2691
1983,16.01.2013,0.2666
1984,17.01.2013,0.2672
1985,18.01.2013,0.2665
1986,21.01.2013,0.2683
1987,22.01.2013,0.2700
1988,23.01.2013,0.2708
1989,24.01.2013,0.2708
1990,25.01.2013,0.2701
1991,28.01.2013,0.2683
1992,29.01.2013,0.2689
1993,30.01.2013,0.2692
1994,31.01.2013,0.2674
1995,01.02.2013,0.2673
1996,04.02.2013,0.2652
1997,05.02.2013,0.2681
1998,06.02.2013,0.2686
1999,07.02.2013,0.2706
2000,08.02.2013,0.2695
2001,11.02.2013,0.2726
2002,12.02.2013,0.2731
2003,13.02.2013,0.2711
2004,14.02.2013,0.2696
2005,15.02.2013,0.2730
2006,18.02.2013,0.2721
2007,19.02.2013,0.2710
2008,20.02.2013,0.2709
2009,21.02.2013,0.2703
2010,22.02.2013,0.2735
2011,25.02.2013,0.2735
2012,26.02.2013,0.2710
2013,27.02.2013,0.2740
2014,28.02.2013,0.2723
2015,01.03.2013,0.2709
2016,04.03.2013,0.2735
2017,05.03.2013,0.2733
2018,06.03.2013,0.2729
2019,07.03.2013,0.2719
2020,08.03.2013,0.2720
2021,11.03.2013,0.2733
2022,12.03.2013,0.2742
2023,13.03.2013,0.2743
2024,14.03.2013,0.2748
2025,15.03.2013,0.2762
2026,18.03.2013,0.2749
2027,19.03.2013,0.2765
2028,20.03.2013,0.2767
2029,21.03.2013,0.2774
2030,22.03.2013,0.2771
2031,25.03.2013,0.2757
2032,26.03.2013,0.2743
2033,27.03.2013,0.2766
2034,28.03.2013,0.2793
2035,29.03.2013,0.2779
2036,01.04.2013,0.2777
2037,02.04.2013,0.2776
2038,03.04.2013,0.2775
2039,04.04.2013,0.2779
2040,05.04.2013,0.2777
2041,08.04.2013,0.2745
2042,09.04.2013,0.2727
2043,10.04.2013,0.2716
2044,11.04.2013,0.2714
2045,12.04.2013,0.2708
2046,15.04.2013,0.2718
2047,16.04.2013,0.2722
2048,17.04.2013,0.2708
2049,18.04.2013,0.2711
2050,19.04.2013,0.2719
2051,22.04.2013,0.2711
2052,23.04.2013,0.2723
2053,24.04.2013,0.2728
2054,25.04.2013,0.2723
2055,26.04.2013,0.2699
2056,29.04.2013,0.2702
2057,30.04.2013,0.2685
2058,02.05.2013,0.2697
2059,03.05.2013,0.2666
2060,07.05.2013,0.2683
2061,08.05.2013,0.2686
2062,09.05.2013,0.2694
2063,10.05.2013,0.2694
2064,13.05.2013,0.2692
2065,14.05.2013,0.2697
2066,15.05.2013,0.2734
2067,16.05.2013,0.2755
2068,17.05.2013,0.2741
2069,20.05.2013,0.2733
2070,21.05.2013,0.2726
2071,22.05.2013,0.2709
2072,23.05.2013,0.2694
2073,24.05.2013,0.2705
2074,27.05.2013,0.2682
2075,28.05.2013,0.2670
2076,29.05.2013,0.2689
2077,30.05.2013,0.2677
2078,31.05.2013,0.2695
2079,03.06.2013,0.2714
2080,04.06.2013,0.2703
2081,05.06.2013,0.2706
2082,06.06.2013,0.2741
2083,07.06.2013,0.2778
2084,10.06.2013,0.2735
2085,11.06.2013,0.2746
2086,12.06.2013,0.2723
2087,13.06.2013,0.2716
2088,14.06.2013,0.2700
2089,17.06.2013,0.2704
2090,18.06.2013,0.2716
2091,19.06.2013,0.2720
2092,20.06.2013,0.2738
2093,21.06.2013,0.2768
2094,25.06.2013,0.2753
2095,26.06.2013,0.2700
2096,27.06.2013,0.2734
2097,28.06.2013,0.2733
2098,01.07.2013,0.2715
2099,02.07.2013,0.2719
2100,03.07.2013,0.2725
2101,04.07.2013,0.2732
2102,05.07.2013,0.2715
2103,08.07.2013,0.2742
2104,09.07.2013,0.2734
2105,10.07.2013,0.2722
2106,11.07.2013,0.2719
2107,12.07.2013,0.2665
2108,15.07.2013,0.2683
2109,16.07.2013,0.2697
2110,17.07.2013,0.2685
2111,18.07.2013,0.2670
2112,19.07.2013,0.2647
2113,22.07.2013,0.2643
2114,23.07.2013,0.2619
2115,24.07.2013,0.2622
2116,25.07.2013,0.2596
2117,26.07.2013,0.2605
2118,29.07.2013,0.2601
2119,30.07.2013,0.2595
2120,31.07.2013,0.2608
2121,01.08.2013,0.2626
2122,02.08.2013,0.2637
2123,05.08.2013,0.2636
2124,06.08.2013,0.2616
2125,07.08.2013,0.2631
2126,08.08.2013,0.2630
2127,09.08.2013,0.2612
2128,12.08.2013,0.2600
2129,13.08.2013,0.2615
2130,14.08.2013,0.2616
2131,16.08.2013,0.2622
2132,19.08.2013,0.2607
2133,20.08.2013,0.2605
2134,21.08.2013,0.2596
2135,22.08.2013,0.2596
2136,23.08.2013,0.2603
2137,26.08.2013,0.2602
2138,27.08.2013,0.2609
2139,28.08.2013,0.2593
2140,29.08.2013,0.2600
2141,30.08.2013,0.2612
2142,02.09.2013,0.2610
2143,03.09.2013,0.2620
2144,04.09.2013,0.2629
2145,05.09.2013,0.2643
2146,06.09.2013,0.2639
2147,09.09.2013,0.2663
2148,10.09.2013,0.2634
2149,11.09.2013,0.2625
2150,12.09.2013,0.2632
2151,13.09.2013,0.2613
2152,16.09.2013,0.2606
2153,17.09.2013,0.2603
2154,18.09.2013,0.2600
2155,19.09.2013,0.2587
2156,20.09.2013,0.2551
2157,23.09.2013,0.2563
2158,24.09.2013,0.2564
2159,25.09.2013,0.2568
2160,26.09.2013,0.2557
2161,27.09.2013,0.2555
2162,30.09.2013,0.2550
2163,01.10.2013,0.2540
2164,02.10.2013,0.2525
2165,03.10.2013,0.2519
2166,04.10.2013,0.2496
2167,07.10.2013,0.2487
2168,08.10.2013,0.2493
2169,09.10.2013,0.2504
2170,10.10.2013,0.2512
2171,11.10.2013,0.2500
2172,14.10.2013,0.2510
2173,15.10.2013,0.2493
2174,16.10.2013,0.2509
2175,17.10.2013,0.2505
2176,18.10.2013,0.2494
2177,21.10.2013,0.2485
2178,22.10.2013,0.2493
2179,23.10.2013,0.2500
2180,24.10.2013,0.2501
2181,25.10.2013,0.2497
2182,28.10.2013,0.2492
2183,29.10.2013,0.2504
2184,30.10.2013,0.2508
2185,31.10.2013,0.2512
2186,01.11.2013,0.2534
2187,04.11.2013,0.2555
2188,05.11.2013,0.2552
2189,06.11.2013,0.2550
2190,07.11.2013,0.2546
2191,08.11.2013,0.2552
2192,11.11.2013,0.2572
2193,12.11.2013,0.2575
2194,13.11.2013,0.2579
2195,14.11.2013,0.2565
2196,15.11.2013,0.2560
2197,18.11.2013,0.2551
2198,19.11.2013,0.2540
2199,20.11.2013,0.2537
2200,21.11.2013,0.2529
2201,22.11.2013,0.2535
2202,25.11.2013,0.2518
2203,26.11.2013,0.2513
2204,27.11.2013,0.2503
2205,28.11.2013,0.2487
2206,29.11.2013,0.2490
2207,02.12.2013,0.2484
2208,03.12.2013,0.2518
2209,04.12.2013,0.2514
2210,05.12.2013,0.2511
2211,06.12.2013,0.2506
2212,09.12.2013,0.2490
2213,10.12.2013,0.2485
2214,11.12.2013,0.2481
2215,12.12.2013,0.2484
2216,13.12.2013,0.2484
2217,16.12.2013,0.2501
2218,17.12.2013,0.2495
2219,18.12.2013,0.2511
2220,19.12.2013,0.2512
2221,20.12.2013,0.2520
2222,23.12.2013,0.2522
2223,24.12.2013,0.2505
2224,27.12.2013,0.2494
2225,30.12.2013,0.2464
2226,31.12.2013,0.2496
2227,03.01.2014,0.2517
2228,06.01.2014,0.2521
2229,07.01.2014,0.2524
2230,08.01.2014,0.2523
2231,09.01.2014,0.2546
2232,10.01.2014,0.2559
2233,13.01.2014,0.2551
2234,14.01.2014,0.2531
2235,15.01.2014,0.2524
2236,16.01.2014,0.2534
2237,17.01.2014,0.2529
2238,20.01.2014,0.2536
2239,21.01.2014,0.2532
2240,22.01.2014,0.2529
2241,23.01.2014,0.2512
2242,24.01.2014,0.2494
2243,27.01.2014,0.2484
2244,28.01.2014,0.2487
2245,29.01.2014,0.2480
2246,30.01.2014,0.2468
2247,31.01.2014,0.2470
2248,03.02.2014,0.2475
2249,04.02.2014,0.2460
2250,05.02.2014,0.2453
2251,06.02.2014,0.2454
2252,07.02.2014,0.2459
2253,10.02.2014,0.2447
2254,11.02.2014,0.2437
2255,12.02.2014,0.2434
2256,13.02.2014,0.2458
2257,14.02.2014,0.2434
2258,17.02.2014,0.2428
2259,18.02.2014,0.2426
2260,19.02.2014,0.2423
2261,20.02.2014,0.2434
2262,21.02.2014,0.2438
2263,24.02.2014,0.2432
2264,25.02.2014,0.2426
2265,26.02.2014,0.2421
2266,27.02.2014,0.2410
2267,28.02.2014,0.2409
2268,03.03.2014,0.2399
2269,04.03.2014,0.2406
2270,05.03.2014,0.2404
2271,06.03.2014,0.2398
2272,07.03.2014,0.2393
2273,10.03.2014,0.2375
2274,11.03.2014,0.2388
2275,12.03.2014,0.2409
2276,13.03.2014,0.2406
2277,14.03.2014,0.2398
2278,17.03.2014,0.2418
2279,18.03.2014,0.2416
2280,19.03.2014,0.2406
2281,20.03.2014,0.2409
2282,21.03.2014,0.2429
2283,24.03.2014,0.2422
2284,25.03.2014,0.2418
2285,26.03.2014,0.2407
2286,27.03.2014,0.2415
2287,28.03.2014,0.2406
2288,31.03.2014,0.2412
2289,01.04.2014,0.2404
2290,02.04.2014,0.2409
2291,03.04.2014,0.2412
2292,04.04.2014,0.2410
2293,07.04.2014,0.2424
2294,08.04.2014,0.2416
2295,09.04.2014,0.2412
2296,10.04.2014,0.2403
2297,11.04.2014,0.2394
2298,14.04.2014,0.2396
2299,15.04.2014,0.2405
2300,16.04.2014,0.2419
2301,17.04.2014,0.2408
2302,18.04.2014,0.2402
2303,22.04.2014,0.2411
2304,23.04.2014,0.2411
2305,24.04.2014,0.2401
2306,25.04.2014,0.2398
2307,28.04.2014,0.2399
2308,29.04.2014,0.2383
2309,30.04.2014,0.2381
2310,02.05.2014,0.2373
2311,05.05.2014,0.2376
2312,06.05.2014,0.2368
2313,07.05.2014,0.2351
2314,08.05.2014,0.2347
2315,09.05.2014,0.2345
2316,12.05.2014,0.2341
2317,13.05.2014,0.2369
2318,14.05.2014,0.2377
2319,15.05.2014,0.2369
2320,16.05.2014,0.2369
2321,19.05.2014,0.2354
2322,20.05.2014,0.2348
2323,21.05.2014,0.2349
2324,22.05.2014,0.2336
2325,23.05.2014,0.2335
2326,26.05.2014,0.2339
2327,27.05.2014,0.2329
2328,28.05.2014,0.2330
2329,29.05.2014,0.2332
2330,30.05.2014,0.2336
2331,02.06.2014,0.2333
2332,03.06.2014,0.2335
2333,04.06.2014,0.2339
2334,05.06.2014,0.2331
2335,06.06.2014,0.2329
2336,10.06.2014,0.2323
2337,11.06.2014,0.2336
2338,12.06.2014,0.2331
2339,13.06.2014,0.2335
2340,16.06.2014,0.2332
2341,17.06.2014,0.2332
2342,18.06.2014,0.2327
2343,19.06.2014,0.2322
2344,20.06.2014,0.2309
2345,23.06.2014,0.2313
2346,24.06.2014,0.2310
2347,25.06.2014,0.2309
2348,26.06.2014,0.2305
2349,27.06.2014,0.2305
2350,30.06.2014,0.2299
2351,01.07.2014,0.2289
2352,02.07.2014,0.2275
2353,03.07.2014,0.2279
2354,04.07.2014,0.2282
2355,07.07.2014,0.2293
2356,08.07.2014,0.2296
2357,09.07.2014,0.2297
2358,10.07.2014,0.2299
2359,11.07.2014,0.2311
2360,14.07.2014,0.2316
2361,15.07.2014,0.2318
2362,16.07.2014,0.2329
2363,17.07.2014,0.2348
2364,18.07.2014,0.2347
2365,21.07.2014,0.2352
2366,22.07.2014,0.2352
2367,23.07.2014,0.2349
2368,24.07.2014,0.2346
2369,25.07.2014,0.2336
2370,28.07.2014,0.2334
2371,29.07.2014,0.2341
2372,30.07.2014,0.2347
2373,31.07.2014,0.2364
2374,01.08.2014,0.2377
2375,04.08.2014,0.2379
2376,05.08.2014,0.2373
2377,06.08.2014,0.2395
2378,07.08.2014,0.2406
2379,08.08.2014,0.2407
2380,11.08.2014,0.2411
2381,12.08.2014,0.2415
2382,13.08.2014,0.2423
2383,14.08.2014,0.2422
2384,18.08.2014,0.2419
2385,19.08.2014,0.2413
2386,20.08.2014,0.2410
2387,21.08.2014,0.2409
2388,22.08.2014,0.2400
2389,25.08.2014,0.2383
2390,26.08.2014,0.2401
2391,27.08.2014,0.2400
2392,28.08.2014,0.2394
2393,29.08.2014,0.2398
2394,01.09.2014,0.2384
2395,02.09.2014,0.2391
2396,03.09.2014,0.2384
2397,04.09.2014,0.2371
2398,05.09.2014,0.2369
2399,08.09.2014,0.2404
2400,09.09.2014,0.2404
2401,10.09.2014,0.2416
2402,11.09.2014,0.2394
2403,12.09.2014,0.2397
2404,15.09.2014,0.2389
2405,16.09.2014,0.2388
2406,17.09.2014,0.2380
2407,18.09.2014,0.2372
2408,19.09.2014,0.2378
2409,22.09.2014,0.2374
2410,23.09.2014,0.2372
2411,24.09.2014,0.2352
2412,25.09.2014,0.2354
2413,26.09.2014,0.2373
2414,29.09.2014,0.2377
2415,30.09.2014,0.2387
2416,01.10.2014,0.2400
2417,02.10.2014,0.2396
2418,03.10.2014,0.2386
2419,06.10.2014,0.2386
2420,07.10.2014,0.2385
2421,08.10.2014,0.2374
2422,09.10.2014,0.2357
2423,10.10.2014,0.2341
2424,13.10.2014,0.2358
2425,14.10.2014,0.2362
2426,15.10.2014,0.2364
2427,16.10.2014,0.2384
2428,17.10.2014,0.2369
2429,20.10.2014,0.2358
2430,21.10.2014,0.2375
2431,22.10.2014,0.2380
2432,23.10.2014,0.2394
2433,24.10.2014,0.2387
2434,27.10.2014,0.2384
2435,28.10.2014,0.2373
2436,29.10.2014,0.2364
2437,30.10.2014,0.2353
2438,31.10.2014,0.2376
2439,03.11.2014,0.2369
2440,04.11.2014,0.2384
2441,05.11.2014,0.2378
2442,06.11.2014,0.2388
2443,07.11.2014,0.2385
2444,10.11.2014,0.2403
2445,11.11.2014,0.2381
2446,12.11.2014,0.2397
2447,13.11.2014,0.2381
2448,14.11.2014,0.2375
2449,17.11.2014,0.2373
2450,18.11.2014,0.2362
2451,19.11.2014,0.2348
2452,20.11.2014,0.2348
2453,21.11.2014,0.2351
2454,24.11.2014,0.2368
2455,25.11.2014,0.2372
2456,26.11.2014,0.2366
2457,27.11.2014,0.2370
2458,28.11.2014,0.2368
2459,02.12.2014,0.2372
2460,03.12.2014,0.2360
2461,04.12.2014,0.2378
2462,05.12.2014,0.2373
2463,08.12.2014,0.2367
2464,09.12.2014,0.2377
2465,10.12.2014,0.2357
2466,11.12.2014,0.2348
2467,12.12.2014,0.2334
2468,15.12.2014,0.2335
2469,16.12.2014,0.2332
2470,17.12.2014,0.2307
2471,18.12.2014,0.2306
2472,19.12.2014,0.2323
2473,22.12.2014,0.2321
2474,23.12.2014,0.2324
2475,24.12.2014,0.2330
2476,29.12.2014,0.2342
2477,30.12.2014,0.2353
2478,31.12.2014,0.2359
2479,05.01.2015,0.2365
2480,06.01.2015,0.2396
2481,07.01.2015,0.2395
2482,08.01.2015,0.2391
2483,09.01.2015,0.2391
2484,12.01.2015,0.2382
2485,13.01.2015,0.2373
2486,14.01.2015,0.2350
2487,15.01.2015,0.2324
2488,16.01.2015,0.2314
2489,19.01.2015,0.2307
2490,20.01.2015,0.2276
2491,21.01.2015,0.2258
2492,22.01.2015,0.2252
2493,23.01.2015,0.2219
2494,26.01.2015,0.2279
2495,27.01.2015,0.2243
2496,28.01.2015,0.2219
2497,29.01.2015,0.2193
2498,30.01.2015,0.2200
2499,02.02.2015,0.2173
2500,03.02.2015,0.2157
2501,04.02.2015,0.2151
2502,05.02.2015,0.2118
2503,06.02.2015,0.2121
2504,09.02.2015,0.2111
2505,10.02.2015,0.2125
2506,11.02.2015,0.2116
2507,12.02.2015,0.2101
2508,13.02.2015,0.2081
2509,16.02.2015,0.2052
2510,17.02.2015,0.1988
2511,18.02.2015,0.1853
2512,19.02.2015,0.1883
2513,20.02.2015,0.1935
2514,23.02.2015,0.2024
2515,24.02.2015,0.2140
2516,25.02.2015,0.2197
2517,26.02.2015,0.2162
2518,27.02.2015,0.2082
2519,02.03.2015,0.2151
2520,03.03.2015,0.2167
2521,04.03.2015,0.2152
2522,05.03.2015,0.2111
2523,06.03.2015,0.2107
2524,09.03.2015,0.2129
2525,10.03.2015,0.2147
2526,11.03.2015,0.2193
2527,12.03.2015,0.2221
2528,13.03.2015,0.2249
2529,16.03.2015,0.2274
2530,17.03.2015,0.2293
2531,18.03.2015,0.2285
2532,19.03.2015,0.2273
2533,20.03.2015,0.2257
2534,23.03.2015,0.2241
2535,24.03.2015,0.2173
2536,25.03.2015,0.2145
2537,26.03.2015,0.2154
2538,27.03.2015,0.2161
2539,30.03.2015,0.2191
2540,31.03.2015,0.2215
2541,01.04.2015,0.2257
2542,02.04.2015,0.2292
2543,03.04.2015,0.2316
2544,06.04.2015,0.2318
2545,07.04.2015,0.2308
2546,08.04.2015,0.2292
2547,09.04.2015,0.2282
2548,10.04.2015,0.2313
2549,14.04.2015,0.2350
2550,15.04.2015,0.2345
2551,16.04.2015,0.2319
2552,17.04.2015,0.2280
2553,20.04.2015,0.2292
2554,21.04.2015,0.2255
2555,22.04.2015,0.2256
2556,23.04.2015,0.2210
2557,24.04.2015,0.2209
2558,27.04.2015,0.2193
2559,28.04.2015,0.2197
2560,29.04.2015,0.2216
2561,30.04.2015,0.2223
2562,04.05.2015,0.2183
2563,05.05.2015,0.2178
2564,06.05.2015,0.2196
2565,07.05.2015,0.2189
2566,08.05.2015,0.2177
2567,11.05.2015,0.2206
2568,12.05.2015,0.2237
2569,13.05.2015,0.2228
2570,14.05.2015,0.2248
2571,15.05.2015,0.2193
2572,18.05.2015,0.2202
2573,19.05.2015,0.2194
2574,20.05.2015,0.2241
2575,21.05.2015,0.2264
2576,22.05.2015,0.2232
2577,25.05.2015,0.2194
2578,26.05.2015,0.2239
2579,27.05.2015,0.2257
2580,28.05.2015,0.2261
2581,29.05.2015,0.2249
2582,02.06.2015,0.2247
2583,03.06.2015,0.2219
2584,04.06.2015,0.2188
2585,05.06.2015,0.2193
2586,08.06.2015,0.2201
2587,09.06.2015,0.2205
2588,10.06.2015,0.2204
2589,11.06.2015,0.2204
2590,12.06.2015,0.2205
2591,15.06.2015,0.2211
2592,16.06.2015,0.2215
2593,17.06.2015,0.2213
2594,18.06.2015,0.2215
2595,19.06.2015,0.2215
2596,22.06.2015,0.2212
2597,23.06.2015,0.2075
2598,24.06.2015,0.2104
2599,25.06.2015,0.2109
2600,26.06.2015,0.2123
2601,29.06.2015,0.2146
2602,30.06.2015,0.2151
2603,01.07.2015,0.2120
2604,02.07.2015,0.2126
2605,03.07.2015,0.2131
2606,06.07.2015,0.2126
2607,07.07.2015,0.2142
2608,08.07.2015,0.2148
2609,09.07.2015,0.2137
2610,10.07.2015,0.2114
2611,13.07.2015,0.2079
2612,14.07.2015,0.2123
2613,15.07.2015,0.2121
2614,16.07.2015,0.2117
2615,17.07.2015,0.2131
2616,20.07.2015,0.2168
2617,21.07.2015,0.2138
2618,22.07.2015,0.2141
2619,23.07.2015,0.2122
2620,24.07.2015,0.2106
2621,27.07.2015,0.2121
2622,28.07.2015,0.2138
2623,29.07.2015,0.2130
2624,30.07.2015,0.2123
2625,31.07.2015,0.2143
2626,03.08.2015,0.2142
2627,04.08.2015,0.2142
2628,05.08.2015,0.2145
2629,06.08.2015,0.2138
2630,07.08.2015,0.2118
2631,10.08.2015,0.2117
2632,11.08.2015,0.2111
2633,12.08.2015,0.2115
2634,13.08.2015,0.2103
2635,14.08.2015,0.2101
2636,17.08.2015,0.2103
2637,18.08.2015,0.2092
2638,19.08.2015,0.2109
2639,20.08.2015,0.2116
2640,21.08.2015,0.2110
2641,24.08.2015,0.2067
2642,25.08.2015,0.2048
2643,26.08.2015,0.2020
2644,27.08.2015,0.2019
2645,28.08.2015,0.2017
2646,31.08.2015,0.2018
2647,01.09.2015,0.2021
2648,02.09.2015,0.2022
2649,03.09.2015,0.2017
2650,04.09.2015,0.2016
2651,07.09.2015,0.2015
2652,08.09.2015,0.2015
2653,09.09.2015,0.2013
2654,10.09.2015,0.2013
2655,11.09.2015,0.2010
2656,14.09.2015,0.2011
2657,15.09.2015,0.2012
2658,16.09.2015,0.2014
2659,17.09.2015,0.2015
2660,18.09.2015,0.2013
2661,21.09.2015,0.2013
2662,22.09.2015,0.2013
2663,23.09.2015,0.2012
2664,24.09.2015,0.2010
2665,25.09.2015,0.1974
2666,28.09.2015,0.1960
2667,29.09.2015,0.1965
2668,30.09.2015,0.1961
2669,01.10.2015,0.1961
2670,02.10.2015,0.1960
2671,05.10.2015,0.1963
2672,06.10.2015,0.1953
2673,07.10.2015,0.1960
2674,08.10.2015,0.1956
2675,09.10.2015,0.1955
2676,12.10.2015,0.1956
2677,13.10.2015,0.1965
2678,14.10.2015,0.1965
2679,15.10.2015,0.1964
2680,16.10.2015,0.1965
2681,19.10.2015,0.1979
2682,20.10.2015,0.1986
2683,21.10.2015,0.1970
2684,22.10.2015,0.1965
2685,23.10.2015,0.1965
2686,26.10.2015,0.2004
2687,27.10.2015,0.2013
2688,28.10.2015,0.2003
2689,29.10.2015,0.2004
2690,30.10.2015,0.2018
2691,02.11.2015,0.2005
2692,03.11.2015,0.2004
2693,04.11.2015,0.2023
2694,05.11.2015,0.2036
2695,06.11.2015,0.2052
2696,09.11.2015,0.2054
2697,10.11.2015,0.2073
2698,11.11.2015,0.2078
2699,12.11.2015,0.2079
2700,13.11.2015,0.2083
2701,16.11.2015,0.2069
2702,17.11.2015,0.2082
2703,18.11.2015,0.2100
2704,19.11.2015,0.2091
2705,20.11.2015,0.2077
2706,23.11.2015,0.2080
2707,24.11.2015,0.2091
2708,25.11.2015,0.2075
2709,26.11.2015,0.2081
2710,27.11.2015,0.2080
2711,02.12.2015,0.2107
2712,03.12.2015,0.2105
2713,04.12.2015,0.2116
2714,07.12.2015,0.2051
2715,08.12.2015,0.2070
2716,09.12.2015,0.2066
2717,10.12.2015,0.2061
2718,11.12.2015,0.2071
2719,14.12.2015,0.2066
2720,15.12.2015,0.2066
2721,16.12.2015,0.2070
2722,17.12.2015,0.2090
2723,18.12.2015,0.2123
2724,21.12.2015,0.2126
2725,22.12.2015,0.2119
2726,23.12.2015,0.2099
2727,24.12.2015,0.2100
2728,28.12.2015,0.2090
2729,29.12.2015,0.2094
2730,30.12.2015,0.2098
2731,31.12.2015,0.2107
2732,04.01.2016,0.2107
2733,05.01.2016,0.2103
2734,06.01.2016,0.2110
2735,07.01.2016,0.2112
2736,08.01.2016,0.2112
2737,11.01.2016,0.2098
2738,12.01.2016,0.2046
2739,13.01.2016,0.2042
2740,14.01.2016,0.2037
2741,15.01.2016,0.2004
2742,18.01.2016,0.2012
2743,19.01.2016,0.2022
2744,20.01.2016,0.2032
2745,21.01.2016,0.2024
2746,22.01.2016,0.2020
2747,25.01.2016,0.2034
2748,26.01.2016,0.2036
2749,27.01.2016,0.2028
2750,28.01.2016,0.2021
2751,29.01.2016,0.2016
2752,01.02.2016,0.2023
2753,02.02.2016,0.2037
2754,03.02.2016,0.2040
2755,04.02.2016,0.2038
2756,05.02.2016,0.1987
2757,08.02.2016,0.1975
2758,09.02.2016,0.1999
2759,10.02.2016,0.1991
2760,11.02.2016,0.1998
2761,12.02.2016,0.1985
2762,15.02.2016,0.1996
2763,16.02.2016,0.2006
2764,17.02.2016,0.2006
2765,18.02.2016,0.2002
2766,19.02.2016,0.2006
2767,22.02.2016,0.2005
2768,23.02.2016,0.2016
2769,24.02.2016,0.2029
2770,25.02.2016,0.2033
2771,26.02.2016,0.2018
2772,29.02.2016,0.2022
2773,01.03.2016,0.2048
2774,02.03.2016,0.2050
2775,03.03.2016,0.2057
2776,04.03.2016,0.2058
2777,07.03.2016,0.2056
2778,08.03.2016,0.2056
2779,09.03.2016,0.2038
2780,10.03.2016,0.2041
2781,11.03.2016,0.2041
2782,14.03.2016,0.2018
2783,15.03.2016,0.2028
2784,16.03.2016,0.2032
2785,17.03.2016,0.2033
2786,18.03.2016,0.1988
2787,21.03.2016,0.2003
2788,22.03.2016,0.2008
2789,23.03.2016,0.2022
2790,24.03.2016,0.2033
2791,25.03.2016,0.2044
2792,28.03.2016,0.2042
2793,29.03.2016,0.2041
2794,30.03.2016,0.2030
2795,31.03.2016,0.2012
2796,01.04.2016,0.2002
2797,04.04.2016,0.1996
2798,05.04.2016,0.2005
2799,06.04.2016,0.2004
2800,07.04.2016,0.2005
2801,08.04.2016,0.1998
2802,11.04.2016,0.1999
2803,12.04.2016,0.1994
2804,13.04.2016,0.1987
2805,14.04.2016,0.2006
2806,15.04.2016,0.2015
2807,18.04.2016,0.2011
2808,19.04.2016,0.2007
2809,20.04.2016,0.2002
2810,21.04.2016,0.1996
2811,22.04.2016,0.2003
2812,25.04.2016,0.2010
2813,26.04.2016,0.2013
2814,27.04.2016,0.2000
2815,28.04.2016,0.1997
2816,29.04.2016,0.1995
2817,03.05.2016,0.1989
2818,04.05.2016,0.1959
2819,05.05.2016,0.1981
2820,06.05.2016,0.1988
2821,09.05.2016,0.1982
2822,10.05.2016,0.1982
2823,11.05.2016,0.1996
2824,12.05.2016,0.1993
2825,13.05.2016,0.1993
2826,16.05.2016,0.1997
2827,17.05.2016,0.2001
2828,18.05.2016,0.2006
2829,19.05.2016,0.2016
2830,20.05.2016,0.2029
2831,23.05.2016,0.2030
2832,24.05.2016,0.2022
2833,25.05.2016,0.2019
2834,26.05.2016,0.2022
2835,27.05.2016,0.2010
2836,30.05.2016,0.2009
2837,31.05.2016,0.2024
2838,01.06.2016,0.2026
2839,02.06.2016,0.2035
2840,03.06.2016,0.2027
2841,06.06.2016,0.2042
2842,07.06.2016,0.2007
2843,08.06.2016,0.2006
2844,09.06.2016,0.2008
2845,10.06.2016,0.2012
2846,13.06.2016,0.2024
2847,14.06.2016,0.2028
2848,15.06.2016,0.2039
2849,16.06.2016,0.2041
2850,17.06.2016,0.2040
2851,21.06.2016,0.2024
2852,22.06.2016,0.2026
2853,23.06.2016,0.2026
2854,24.06.2016,0.2014
2855,27.06.2016,0.2052
2856,28.06.2016,0.2071
2857,29.06.2016,0.2053
2858,30.06.2016,0.2052
2859,01.07.2016,0.2040
2860,04.07.2016,0.2045
2861,05.07.2016,0.2046
2862,06.07.2016,0.2042
2863,07.07.2016,0.2058
2864,08.07.2016,0.2055
2865,11.07.2016,0.2047
2866,12.07.2016,0.2053
2867,13.07.2016,0.2042
2868,14.07.2016,0.2045
2869,15.07.2016,0.2040
2870,18.07.2016,0.2027
2871,19.07.2016,0.2047
2872,20.07.2016,0.2044
2873,21.07.2016,0.2051
2874,22.07.2016,0.2045
2875,25.07.2016,0.2035
2876,26.07.2016,0.2051
2877,27.07.2016,0.2050
2878,28.07.2016,0.2050
2879,29.07.2016,0.2037
2880,01.08.2016,0.2027
2881,02.08.2016,0.2017
2882,03.08.2016,0.2010
2883,04.08.2016,0.2010
2884,05.08.2016,0.2028
2885,08.08.2016,0.2022
2886,09.08.2016,0.2036
2887,10.08.2016,0.2032
2888,11.08.2016,0.2021
2889,12.08.2016,0.2023
2890,16.08.2016,0.2019
2891,17.08.2016,0.2007
2892,18.08.2016,0.2011
2893,19.08.2016,0.1997
2894,22.08.2016,0.1993
2895,23.08.2016,0.1997
2896,24.08.2016,0.1991
2897,25.08.2016,0.1998
2898,26.08.2016,0.1996
2899,29.08.2016,0.1999
2900,30.08.2016,0.1993
2901,31.08.2016,0.1995
2902,01.09.2016,0.1995
2903,02.09.2016,0.2020
2904,05.09.2016,0.2012
2905,06.09.2016,0.2015
2906,07.09.2016,0.2016
2907,08.09.2016,0.2001
2908,09.09.2016,0.1992
2909,12.09.2016,0.1997
2910,13.09.2016,0.2004
2911,14.09.2016,0.2001
2912,15.09.2016,0.2003
2913,16.09.2016,0.2002
2914,19.09.2016,0.2003
2915,20.09.2016,0.2017
2916,21.09.2016,0.2012
2917,22.09.2016,0.2016
2918,23.09.2016,0.1999
2919,26.09.2016,0.2002
2920,27.09.2016,0.1999
2921,28.09.2016,0.2000
2922,29.09.2016,0.2008
2923,30.09.2016,0.2009
2924,03.10.2016,0.2015
2925,04.10.2016,0.2006
2926,05.10.2016,0.2021
2927,06.10.2016,0.2015
2928,07.10.2016,0.2031
2929,10.10.2016,0.2050
2930,11.10.2016,0.2030
2931,12.10.2016,0.2049
2932,13.10.2016,0.2063
2933,14.10.2016,0.2061
2934,17.10.2016,0.2063
2935,18.10.2016,0.2066
2936,19.10.2016,0.2053
2937,20.10.2016,0.2051
2938,21.10.2016,0.2052
2939,24.10.2016,0.2070
2940,25.10.2016,0.2060
2941,26.10.2016,0.2065
2942,27.10.2016,0.2059
2943,28.10.2016,0.2055
2944,31.10.2016,0.2059
2945,01.11.2016,0.2050
2946,02.11.2016,0.2037
2947,03.11.2016,0.2023
2948,04.11.2016,0.2035
2949,07.11.2016,0.2034
2950,08.11.2016,0.2050
2951,09.11.2016,0.2059
2952,10.11.2016,0.2048
2953,11.11.2016,0.2088
2954,14.11.2016,0.2089
2955,15.11.2016,0.2095
2956,16.11.2016,0.2093
2957,17.11.2016,0.2097
2958,18.11.2016,0.2084
2959,21.11.2016,0.2101
2960,22.11.2016,0.2100
2961,23.11.2016,0.2103
2962,24.11.2016,0.2099
2963,25.11.2016,0.2111
2964,28.11.2016,0.2102
2965,29.11.2016,0.2100
2966,02.12.2016,0.2096
2967,05.12.2016,0.2088
2968,06.12.2016,0.2080
2969,07.12.2016,0.2074
2970,08.12.2016,0.2081
2971,09.12.2016,0.2072
2972,12.12.2016,0.2118
2973,13.12.2016,0.2113
2974,14.12.2016,0.2116
2975,15.12.2016,0.2112
2976,16.12.2016,0.2160
2977,19.12.2016,0.2146
2978,20.12.2016,0.2150
2979,21.12.2016,0.2156
2980,22.12.2016,0.2145
2981,23.12.2016,0.2143
2982,27.12.2016,0.2157
2983,28.12.2016,0.2165
2984,29.12.2016,0.2175
2985,30.12.2016,0.2174
2986,03.01.2017,0.2147
2987,04.01.2017,0.2161
2988,05.01.2017,0.2148
2989,06.01.2017,0.2127
2990,09.01.2017,0.2107
2991,10.01.2017,0.2117
2992,11.01.2017,0.2108
2993,12.01.2017,0.2120
2994,13.01.2017,0.2091
2995,16.01.2017,0.2097
2996,17.01.2017,0.2107
2997,18.01.2017,0.2084
2998,19.01.2017,0.2086
2999,20.01.2017,0.2093
3000,23.01.2017,0.2097
3001,25.01.2017,0.2077
3002,26.01.2017,0.2080
3003,27.01.2017,0.2089
3004,30.01.2017,0.2097
3005,31.01.2017,0.2108
3006,01.02.2017,0.2103
3007,02.02.2017,0.2102
3008,03.02.2017,0.2095
3009,06.02.2017,0.2109
3010,07.02.2017,0.2101
3011,08.02.2017,0.2116
3012,09.02.2017,0.2122
3013,10.02.2017,0.2114
3014,13.02.2017,0.2117
3015,14.02.2017,0.2116
3016,15.02.2017,0.2118
3017,16.02.2017,0.2138
3018,17.02.2017,0.2119
3019,20.02.2017,0.2121
3020,21.02.2017,0.2126
3021,22.02.2017,0.2144
3022,23.02.2017,0.2152
3023,24.02.2017,0.2135
3024,27.02.2017,0.2122
3025,28.02.2017,0.2134
3026,01.03.2017,0.2134
3027,02.03.2017,0.2151
3028,03.03.2017,0.2163
3029,06.03.2017,0.2159
3030,07.03.2017,0.2156
3031,08.03.2017,0.2164
3032,09.03.2017,0.2165
3033,10.03.2017,0.2170
3034,13.03.2017,0.2162
3035,14.03.2017,0.2151
3036,15.03.2017,0.2158
3037,16.03.2017,0.2164
3038,17.03.2017,0.2152
3039,20.03.2017,0.2156
3040,21.03.2017,0.2156
3041,22.03.2017,0.2148
3042,23.03.2017,0.2153
3043,24.03.2017,0.2162
3044,27.03.2017,0.2152
3045,28.03.2017,0.2145
3046,29.03.2017,0.2151
3047,30.03.2017,0.2163
3048,31.03.2017,0.2176
3049,03.04.2017,0.2190
3050,04.04.2017,0.2191
3051,05.04.2017,0.2193
3052,06.04.2017,0.2181
3053,07.04.2017,0.2185
3054,10.04.2017,0.2190
3055,11.04.2017,0.2201
3056,12.04.2017,0.2199
3057,13.04.2017,0.2201
3058,14.04.2017,0.2200
3059,18.04.2017,0.2203
3060,19.04.2017,0.2202
3061,20.04.2017,0.2195
3062,21.04.2017,0.2191
3063,24.04.2017,0.2186
3064,25.04.2017,0.2190
3065,26.04.2017,0.2156
3066,27.04.2017,0.2155
3067,28.04.2017,0.2160
3068,02.05.2017,0.2163
3069,03.05.2017,0.2175
3070,04.05.2017,0.2177
3071,05.05.2017,0.2184
3072,08.05.2017,0.2184
3073,09.05.2017,0.2186
3074,10.05.2017,0.2188
3075,11.05.2017,0.2224
3076,12.05.2017,0.2230
3077,15.05.2017,0.2240
3078,16.05.2017,0.2224
3079,17.05.2017,0.2216
3080,18.05.2017,0.2222
3081,19.05.2017,0.2219
3082,22.05.2017,0.2220
3083,23.05.2017,0.2213
3084,24.05.2017,0.2209
3085,25.05.2017,0.2222
3086,26.05.2017,0.2225
3087,29.05.2017,0.2228
3088,30.05.2017,0.2237
3089,31.05.2017,0.2248
3090,02.06.2017,0.2233
3091,06.06.2017,0.2224
3092,07.06.2017,0.2226
3093,08.06.2017,0.2233
3094,09.06.2017,0.2229
3095,12.06.2017,0.2241
3096,13.06.2017,0.2236
3097,14.06.2017,0.2240
3098,15.06.2017,0.2249
3099,16.06.2017,0.2253
3100,19.06.2017,0.2250
3101,20.06.2017,0.2249
3102,21.06.2017,0.2258
3103,22.06.2017,0.2254
3104,23.06.2017,0.2236
3105,26.06.2017,0.2237
3106,27.06.2017,0.2230
3107,28.06.2017,0.2215
3108,29.06.2017,0.2197
3109,30.06.2017,0.2199
3110,03.07.2017,0.2200
3111,04.07.2017,0.2219
3112,05.07.2017,0.2227
3113,06.07.2017,0.2234
3114,07.07.2017,0.2223
3115,10.07.2017,0.2206
3116,11.07.2017,0.2207
3117,12.07.2017,0.2211
3118,13.07.2017,0.2194
3119,14.07.2017,0.2208
3120,17.07.2017,0.2202
3121,18.07.2017,0.2194
3122,19.07.2017,0.2178
3123,20.07.2017,0.2181
3124,21.07.2017,0.2192
3125,24.07.2017,0.2164
3126,25.07.2017,0.2160
3127,26.07.2017,0.2160
3128,27.07.2017,0.2163
3129,28.07.2017,0.2147
3130,31.07.2017,0.2152
3131,01.08.2017,0.2147
3132,02.08.2017,0.2134
3133,03.08.2017,0.2141
3134,04.08.2017,0.2142
3135,07.08.2017,0.2142
3136,08.08.2017,0.2155
3137,09.08.2017,0.2160
3138,10.08.2017,0.2175
3139,11.08.2017,0.2180
3140,14.08.2017,0.2173
3141,16.08.2017,0.2179
3142,17.08.2017,0.2193
3143,18.08.2017,0.2198
3144,21.08.2017,0.2187
3145,22.08.2017,0.2184
3146,23.08.2017,0.2183
3147,24.08.2017,0.2178
3148,25.08.2017,0.2174
3149,28.08.2017,0.2173
3150,29.08.2017,0.2153
3151,30.08.2017,0.2138
3152,31.08.2017,0.2137
3153,01.09.2017,0.2156
3154,04.09.2017,0.2166
3155,05.09.2017,0.2168
3156,06.09.2017,0.2176
3157,07.09.2017,0.2170
3158,08.09.2017,0.2163
3159,11.09.2017,0.2147
3160,12.09.2017,0.2159
3161,13.09.2017,0.2177
3162,14.09.2017,0.2170
3163,15.09.2017,0.2188
3164,18.09.2017,0.2179
3165,19.09.2017,0.2181
3166,20.09.2017,0.2173
3167,21.09.2017,0.2172
3168,22.09.2017,0.2188
3169,25.09.2017,0.2175
3170,26.09.2017,0.2194
3171,27.09.2017,0.2212
3172,28.09.2017,0.2222
3173,29.09.2017,0.2217
3174,02.10.2017,0.2205
3175,03.10.2017,0.2218
3176,04.10.2017,0.2214
3177,05.10.2017,0.2212
3178,06.10.2017,0.2219
3179,09.10.2017,0.2230
3180,10.10.2017,0.2221
3181,11.10.2017,0.2225
3182,12.10.2017,0.2221
3183,13.10.2017,0.2219
3184,16.10.2017,0.2223
3185,17.10.2017,0.2231
3186,18.10.2017,0.2244
3187,19.10.2017,0.2250
3188,20.10.2017,0.2242
3189,23.10.2017,0.2248
3190,24.10.2017,0.2260
3191,25.10.2017,0.2257
3192,26.10.2017,0.2256
3193,27.10.2017,0.2250
3194,30.10.2017,0.2289
3195,31.10.2017,0.2282
3196,01.11.2017,0.2276
3197,02.11.2017,0.2268
3198,03.11.2017,0.2258
3199,06.11.2017,0.2257
3200,07.11.2017,0.2269
3201,08.11.2017,0.2285
3202,09.11.2017,0.2277
3203,10.11.2017,0.2270
3204,13.11.2017,0.2269
3205,14.11.2017,0.2259
3206,15.11.2017,0.2235
3207,16.11.2017,0.2218
3208,17.11.2017,0.2236
3209,20.11.2017,0.2236
3210,21.11.2017,0.2251
3211,22.11.2017,0.2267
3212,23.11.2017,0.2269
3213,24.11.2017,0.2257
3214,27.11.2017,0.2260
3215,28.11.2017,0.2252
3216,29.11.2017,0.2268
3217,04.12.2017,0.2267
3218,05.12.2017,0.2275
3219,06.12.2017,0.2272
3220,07.12.2017,0.2282
3221,08.12.2017,0.2281
3222,11.12.2017,0.2287
3223,12.12.2017,0.2273
3224,13.12.2017,0.2277
3225,14.12.2017,0.2288
3226,15.12.2017,0.2275
3227,18.12.2017,0.2285
3228,19.12.2017,0.2288
3229,20.12.2017,0.2288
3230,21.12.2017,0.2285
3231,22.12.2017,0.2276
3232,27.12.2017,0.2286
3233,28.12.2017,0.2285
3234,29.12.2017,0.2283
3235,03.01.2018,0.2251
3236,04.01.2018,0.2257
3237,05.01.2018,0.2250
3238,08.01.2018,0.2249
3239,09.01.2018,0.2264
3240,10.01.2018,0.2279
3241,11.01.2018,0.2263
3242,12.01.2018,0.2278
3243,15.01.2018,0.2239
3244,16.01.2018,0.2233
3245,17.01.2018,0.2245
3246,18.01.2018,0.2250
3247,19.01.2018,0.2250
3248,22.01.2018,0.2254
3249,23.01.2018,0.2261
3250,25.01.2018,0.2248
3251,26.01.2018,0.2239
3252,29.01.2018,0.2232
3253,30.01.2018,0.2238
3254,31.01.2018,0.2241
3255,01.02.2018,0.2237
3256,02.02.2018,0.2242
3257,05.02.2018,0.2226
3258,06.02.2018,0.2243
3259,07.02.2018,0.2263
3260,08.02.2018,0.2271
3261,09.02.2018,0.2291
3262,12.02.2018,0.2285
3263,13.02.2018,0.2276
3264,14.02.2018,0.2256
3265,15.02.2018,0.2252
3266,16.02.2018,0.2229
3267,19.02.2018,0.2234
3268,20.02.2018,0.2249
3269,21.02.2018,0.2269
3270,22.02.2018,0.2269
3271,23.02.2018,0.2273
3272,26.02.2018,0.2269
3273,27.02.2018,0.2260
3274,28.02.2018,0.2268
3275,01.03.2018,0.2285
3276,02.03.2018,0.2292
3277,05.03.2018,0.2268
3278,06.03.2018,0.2268
3279,07.03.2018,0.2251
3280,08.03.2018,0.2251
3281,09.03.2018,0.2250
3282,12.03.2018,0.2253
3283,13.03.2018,0.2280
3284,14.03.2018,0.2278
3285,15.03.2018,0.2275
3286,16.03.2018,0.2284
3287,19.03.2018,0.2290
3288,20.03.2018,0.2303
3289,21.03.2018,0.2294
3290,22.03.2018,0.2297
3291,23.03.2018,0.2286
3292,26.03.2018,0.2281
3293,27.03.2018,0.2269
3294,28.03.2018,0.2275
3295,29.03.2018,0.2281
3296,30.03.2018,0.2295
3297,02.04.2018,0.2294
3298,03.04.2018,0.2296
3299,04.04.2018,0.2308
3300,05.04.2018,0.2314
3301,10.04.2018,0.2326
3302,11.04.2018,0.2308
3303,12.04.2018,0.2301
3304,13.04.2018,0.2305
3305,16.04.2018,0.2299
3306,17.04.2018,0.2298
3307,18.04.2018,0.2292
3308,19.04.2018,0.2293
3309,20.04.2018,0.2294
3310,23.04.2018,0.2299
3311,24.04.2018,0.2308
3312,25.04.2018,0.2308
3313,26.04.2018,0.2305
3314,27.04.2018,0.2315
3315,30.04.2018,0.2314
3316,02.05.2018,0.2330
3317,03.05.2018,0.2341
3318,04.05.2018,0.2341
3319,07.05.2018,0.2340
3320,08.05.2018,0.2347
3321,09.05.2018,0.2345
3322,10.05.2018,0.2353
3323,11.05.2018,0.2351
3324,14.05.2018,0.2340
3325,15.05.2018,0.2334
3326,16.05.2018,0.2349
3327,17.05.2018,0.2372
3328,18.05.2018,0.2362
3329,21.05.2018,0.2353
3330,22.05.2018,0.2354
3331,23.05.2018,0.2342
3332,24.05.2018,0.2352
3333,25.05.2018,0.2348
3334,29.05.2018,0.2358
3335,30.05.2018,0.2376
3336,31.05.2018,0.2358
3337,04.06.2018,0.2349
3338,05.06.2018,0.2339
3339,06.06.2018,0.2354
3340,07.06.2018,0.2344
3341,08.06.2018,0.2342
3342,11.06.2018,0.2360
3343,12.06.2018,0.2356
3344,13.06.2018,0.2361
3345,14.06.2018,0.2369
3346,15.06.2018,0.2354
3347,18.06.2018,0.2400
3348,19.06.2018,0.2387
3349,20.06.2018,0.2398
3350,21.06.2018,0.2392
3351,22.06.2018,0.2391
3352,25.06.2018,0.2367
3353,26.06.2018,0.2361
3354,27.06.2018,0.2359
3355,28.06.2018,0.2372
3356,29.06.2018,0.2387
3357,02.07.2018,0.2376
3358,03.07.2018,0.2375
3359,04.07.2018,0.2381
3360,05.07.2018,0.2385
3361,06.07.2018,0.2379
3362,09.07.2018,0.2378
3363,10.07.2018,0.2367
3364,11.07.2018,0.2387
3365,12.07.2018,0.2385
3366,13.07.2018,0.2397
3367,16.07.2018,0.2400
3368,17.07.2018,0.2380
3369,18.07.2018,0.2381
3370,19.07.2018,0.2403
3371,20.07.2018,0.2409
3372,23.07.2018,0.2393
3373,24.07.2018,0.2373
3374,25.07.2018,0.2375
3375,26.07.2018,0.2377
3376,27.07.2018,0.2382
3377,30.07.2018,0.2396
3378,31.07.2018,0.2390
3379,01.08.2018,0.2380
3380,02.08.2018,0.2390
3381,03.08.2018,0.2406
3382,06.08.2018,0.2418
3383,07.08.2018,0.2438
3384,08.08.2018,0.2425
3385,09.08.2018,0.2432
3386,10.08.2018,0.2437
3387,13.08.2018,0.2465
3388,14.08.2018,0.2479
3389,16.08.2018,0.2478
3390,17.08.2018,0.2463
3391,20.08.2018,0.2447
3392,21.08.2018,0.2431
3393,22.08.2018,0.2406
3394,23.08.2018,0.2399
3395,24.08.2018,0.2395
3396,27.08.2018,0.2397
3397,28.08.2018,0.2400
3398,29.08.2018,0.2401
3399,30.08.2018,0.2398
3400,31.08.2018,0.2398
3401,03.09.2018,0.2399
3402,04.09.2018,0.2390
3403,05.09.2018,0.2405
3404,06.09.2018,0.2397
3405,07.09.2018,0.2387
3406,10.09.2018,0.2381
3407,11.09.2018,0.2387
3408,12.09.2018,0.2390
3409,13.09.2018,0.2387
3410,14.09.2018,0.2380
3411,17.09.2018,0.2363
3412,18.09.2018,0.2376
3413,19.09.2018,0.2372
3414,20.09.2018,0.2370
3415,21.09.2018,0.2364
3416,24.09.2018,0.2353
3417,25.09.2018,0.2353
3418,26.09.2018,0.2355
3419,27.09.2018,0.2356
3420,28.09.2018,0.2360
3421,01.10.2018,0.2381
3422,02.10.2018,0.2379
3423,03.10.2018,0.2398
3424,04.10.2018,0.2389
3425,05.10.2018,0.2400
3426,08.10.2018,0.2393
3427,09.10.2018,0.2398
3428,10.10.2018,0.2398
3429,11.10.2018,0.2387
3430,12.10.2018,0.2367
3431,15.10.2018,0.2370
3432,16.10.2018,0.2369
3433,17.10.2018,0.2375
3434,18.10.2018,0.2380
3435,19.10.2018,0.2387
3436,22.10.2018,0.2397
3437,23.10.2018,0.2382
3438,24.10.2018,0.2383
3439,25.10.2018,0.2393
3440,26.10.2018,0.2386
3441,29.10.2018,0.2396
3442,30.10.2018,0.2390
3443,31.10.2018,0.2400
3444,01.11.2018,0.2401
3445,02.11.2018,0.2388
3446,05.11.2018,0.2377
3447,06.11.2018,0.2396
3448,07.11.2018,0.2390
3449,08.11.2018,0.2376
3450,09.11.2018,0.2397
3451,12.11.2018,0.2411
3452,13.11.2018,0.2434
3453,14.11.2018,0.2432
3454,15.11.2018,0.2426
3455,16.11.2018,0.2415
3456,19.11.2018,0.2406
3457,20.11.2018,0.2385
3458,21.11.2018,0.2383
3459,22.11.2018,0.2383
3460,23.11.2018,0.2379
3461,26.11.2018,0.2390
3462,27.11.2018,0.2384
3463,28.11.2018,0.2390
3464,29.11.2018,0.2394
3465,03.12.2018,0.2382
3466,04.12.2018,0.2393
3467,05.12.2018,0.2386
3468,06.12.2018,0.2394
3469,07.12.2018,0.2385
3470,10.12.2018,0.2375
3471,11.12.2018,0.2368
3472,12.12.2018,0.2375
3473,13.12.2018,0.2379
3474,14.12.2018,0.2369
3475,17.12.2018,0.2388
3476,18.12.2018,0.2368
3477,19.12.2018,0.2362
3478,20.12.2018,0.2360
3479,21.12.2018,0.2342
3480,24.12.2018,0.2340
3481,27.12.2018,0.2373
3482,28.12.2018,0.2386
3483,31.12.2018,0.2389
3484,03.01.2019,0.2384
3485,04.01.2019,0.2389
3486,07.01.2019,0.2389
3487,08.01.2019,0.2391
3488,09.01.2019,0.2379
3489,10.01.2019,0.2376
3490,11.01.2019,0.2368
3491,14.01.2019,0.2370
3492,15.01.2019,0.2383
3493,16.01.2019,0.2390
3494,17.01.2019,0.2400
3495,18.01.2019,0.2402
3496,21.01.2019,0.2408
3497,22.01.2019,0.2420
3498,23.01.2019,0.2446
3499,25.01.2019,0.2454
3500,28.01.2019,0.2453
3501,29.01.2019,0.2439
3502,30.01.2019,0.2432
3503,31.01.2019,0.2422
3504,01.02.2019,0.2421
3505,04.02.2019,0.2429
3506,05.02.2019,0.2427
3507,06.02.2019,0.2431
3508,07.02.2019,0.2435
3509,08.02.2019,0.2449
3510,11.02.2019,0.2445
3511,12.02.2019,0.2448
3512,13.02.2019,0.2455
3513,14.02.2019,0.2446
3514,15.02.2019,0.2454
3515,18.02.2019,0.2454
3516,19.02.2019,0.2447
3517,20.02.2019,0.2462
3518,21.02.2019,0.2450
3519,22.02.2019,0.2449
3520,25.02.2019,0.2450
3521,26.02.2019,0.2444
3522,27.02.2019,0.2433
3523,28.02.2019,0.2425
3524,01.03.2019,0.2420
3525,04.03.2019,0.2428
3526,05.03.2019,0.2448
3527,06.03.2019,0.2449
3528,07.03.2019,0.2457
3529,08.03.2019,0.2455
3530,11.03.2019,0.2460
3531,12.03.2019,0.2477
3532,13.03.2019,0.2476
3533,14.03.2019,0.2464
3534,15.03.2019,0.2452
3535,18.03.2019,0.2442
3536,19.03.2019,0.2433
3537,20.03.2019,0.2434
3538,21.03.2019,0.2428
3539,22.03.2019,0.2425
3540,25.03.2019,0.2437
3541,26.03.2019,0.2435
3542,27.03.2019,0.2433
3543,28.03.2019,0.2441
3544,29.03.2019,0.2451
3545,01.04.2019,0.2444
3546,02.04.2019,0.2442
3547,03.04.2019,0.2442
3548,04.04.2019,0.2430
3549,05.04.2019,0.2428
3550,08.04.2019,0.2426
3551,09.04.2019,0.2423
3552,10.04.2019,0.2417
3553,11.04.2019,0.2406
3554,12.04.2019,0.2406
3555,15.04.2019,0.2385
3556,16.04.2019,0.2368
3557,17.04.2019,0.2363
3558,18.04.2019,0.2355
3559,19.04.2019,0.2362
3560,22.04.2019,0.2363
3561,23.04.2019,0.2365
3562,24.04.2019,0.2362
3563,25.04.2019,0.2375
3564,30.04.2019,0.2389
3565,02.05.2019,0.2388
3566,03.05.2019,0.2373
3567,06.05.2019,0.2373
3568,07.05.2019,0.2387
3569,08.05.2019,0.2374
3570,09.05.2019,0.2375
3571,10.05.2019,0.2375
3572,13.05.2019,0.2374
3573,14.05.2019,0.2365
3574,15.05.2019,0.2364
3575,16.05.2019,0.2371
3576,17.05.2019,0.2369
3577,20.05.2019,0.2376
3578,21.05.2019,0.2380
3579,22.05.2019,0.2379
3580,23.05.2019,0.2370
3581,24.05.2019,0.2371
3582,27.05.2019,0.2357
3583,28.05.2019,0.2356
3584,29.05.2019,0.2353
3585,30.05.2019,0.2353
3586,31.05.2019,0.2345
3587,03.06.2019,0.2339
3588,04.06.2019,0.2326
3589,05.06.2019,0.2307
3590,06.06.2019,0.2306
3591,07.06.2019,0.2317
3592,10.06.2019,0.2312
3593,11.06.2019,0.2306
3594,12.06.2019,0.2308
3595,13.06.2019,0.2301
3596,14.06.2019,0.2301
3597,18.06.2019,0.2315
3598,19.06.2019,0.2318
3599,20.06.2019,0.2318
3600,21.06.2019,0.2294
3601,24.06.2019,0.2294
3602,25.06.2019,0.2276
3603,26.06.2019,0.2281
3604,27.06.2019,0.2288
3605,28.06.2019,0.2293
3606,01.07.2019,0.2296
3607,02.07.2019,0.2310
3608,03.07.2019,0.2322
3609,04.07.2019,0.2320
3610,05.07.2019,0.2332
3611,08.07.2019,0.2340
3612,09.07.2019,0.2355
3613,10.07.2019,0.2366
3614,11.07.2019,0.2365
3615,12.07.2019,0.2358
3616,15.07.2019,0.2368
3617,16.07.2019,0.2368
3618,17.07.2019,0.2385
3619,18.07.2019,0.2390
3620,19.07.2019,0.2395
3621,22.07.2019,0.2392
3622,23.07.2019,0.2397
3623,24.07.2019,0.2409
3624,25.07.2019,0.2415
3625,26.07.2019,0.2414
3626,29.07.2019,0.2410
3627,30.07.2019,0.2406
3628,31.07.2019,0.2394
3629,01.08.2019,0.2389
3630,02.08.2019,0.2406
3631,05.08.2019,0.2391
3632,06.08.2019,0.2371
3633,07.08.2019,0.2365
3634,08.08.2019,0.2376
3635,09.08.2019,0.2387
3636,12.08.2019,0.2398
3637,13.08.2019,0.2406
3638,14.08.2019,0.2405
3639,16.08.2019,0.2422
3640,19.08.2019,0.2432
3641,20.08.2019,0.2418
3642,21.08.2019,0.2407
3643,22.08.2019,0.2392
3644,23.08.2019,0.2385
3645,26.08.2019,0.2387
3646,27.08.2019,0.2390
3647,28.08.2019,0.2386
3648,29.08.2019,0.2380
3649,30.08.2019,0.2395
3650,02.09.2019,0.2406
3651,03.09.2019,0.2429
3652,04.09.2019,0.2431
3653,05.09.2019,0.2406
3654,06.09.2019,0.2390
3655,09.09.2019,0.2395
3656,10.09.2019,0.2403
3657,11.09.2019,0.2408
3658,12.09.2019,0.2427
3659,13.09.2019,0.2426
3660,16.09.2019,0.2403
3661,17.09.2019,0.2416
3662,18.09.2019,0.2425
3663,19.09.2019,0.2428
3664,20.09.2019,0.2430
3665,23.09.2019,0.2440
3666,24.09.2019,0.2444
3667,25.09.2019,0.2437
3668,26.09.2019,0.2429
3669,27.09.2019,0.2449
3670,30.09.2019,0.2450
3671,01.10.2019,0.2454
3672,02.10.2019,0.2458
3673,03.10.2019,0.2452
3674,04.10.2019,0.2444
3675,07.10.2019,0.2439
3676,08.10.2019,0.2443
3677,09.10.2019,0.2447
3678,10.10.2019,0.2454
3679,11.10.2019,0.2453
3680,14.10.2019,0.2451
3681,15.10.2019,0.2452
3682,16.10.2019,0.2464
3683,17.10.2019,0.2469
3684,18.10.2019,0.2458
3685,21.10.2019,0.2457
3686,22.10.2019,0.2458
3687,23.10.2019,0.2458
3688,24.10.2019,0.2461
3689,25.10.2019,0.2454
3690,28.10.2019,0.2447
3691,29.10.2019,0.2447
3692,30.10.2019,0.2448
3693,31.10.2019,0.2442
3694,01.11.2019,0.2432
3695,04.11.2019,0.2434
3696,05.11.2019,0.2437
3697,06.11.2019,0.2455
3698,07.11.2019,0.2465
3699,08.11.2019,0.2468
3700,11.11.2019,0.2480
3701,12.11.2019,0.2477
3702,13.11.2019,0.2477
3703,14.11.2019,0.2472
3704,15.11.2019,0.2467
3705,18.11.2019,0.2457
3706,19.11.2019,0.2462
3707,20.11.2019,0.2464
3708,21.11.2019,0.2478
3709,22.11.2019,0.2470
3710,25.11.2019,0.2477
3711,26.11.2019,0.2495
3712,27.11.2019,0.2494
3713,28.11.2019,0.2493
3714,29.11.2019,0.2489
3715,02.12.2019,0.2484
3716,03.12.2019,0.2478
3717,04.12.2019,0.2463
3718,05.12.2019,0.2465
3719,06.12.2019,0.2465
3720,09.12.2019,0.2471
3721,10.12.2019,0.2480
3722,11.12.2019,0.2485
3723,12.12.2019,0.2487
3724,13.12.2019,0.2478
3725,16.12.2019,0.2470
3726,17.12.2019,0.2481
3727,18.12.2019,0.2480
3728,19.12.2019,0.2487
3729,20.12.2019,0.2485
3730,23.12.2019,0.2489
3731,24.12.2019,0.2494
3732,27.12.2019,0.2495
3733,30.12.2019,0.2488
3734,31.12.2019,0.2481
3735,03.01.2020,0.2487
3736,06.01.2020,0.2485
3737,07.01.2020,0.2485
3738,08.01.2020,0.2486
3739,09.01.2020,0.2491
3740,10.01.2020,0.2494
3741,13.01.2020,0.2486
3742,14.01.2020,0.2474
3743,15.01.2020,0.2470
3744,16.01.2020,0.2459
3745,17.01.2020,0.2454
3746,20.01.2020,0.2458
3747,21.01.2020,0.2456
3748,22.01.2020,0.2444
3749,23.01.2020,0.2442
3750,27.01.2020,0.2443
3751,28.01.2020,0.2452
3752,29.01.2020,0.2464
3753,30.01.2020,0.2472
3754,31.01.2020,0.2476
3755,03.02.2020,0.2478
3756,04.02.2020,0.2478
3757,05.02.2020,0.2481
3758,06.02.2020,0.2485
3759,07.02.2020,0.2485
3760,10.02.2020,0.2491
3761,11.02.2020,0.2482
3762,12.02.2020,0.2478
3763,13.02.2020,0.2471
3764,14.02.2020,0.2480
3765,17.02.2020,0.2491
3766,18.02.2020,0.2499
3767,19.02.2020,0.2502
3768,20.02.2020,0.2506
3769,21.02.2020,0.2503
3770,24.02.2020,0.2493
3771,25.02.2020,0.2489
3772,26.02.2020,0.2484
3773,27.02.2020,0.2473
3774,28.02.2020,0.2475
3775,02.03.2020,0.2472
3776,03.03.2020,0.2452
3777,04.03.2020,0.2465
3778,05.03.2020,0.2472
3779,06.03.2020,0.2469
3780,09.03.2020,0.2440
3781,10.03.2020,0.2424
3782,11.03.2020,0.2443
3783,12.03.2020,0.2441
3784,13.03.2020,0.2450
3785,16.03.2020,0.2455
3786,17.03.2020,0.2456
3787,18.03.2020,0.2483
3788,19.03.2020,0.2467
3789,20.03.2020,0.2520
3790,23.03.2020,0.2516
3791,24.03.2020,0.2523
3792,25.03.2020,0.2470
3793,26.03.2020,0.2484
3794,27.03.2020,0.2444
3795,30.03.2020,0.2426
3796,31.03.2020,0.2399
3797,01.04.2020,0.2417
3798,02.04.2020,0.2406
3799,03.04.2020,0.2400
3800,06.04.2020,0.2410
3801,07.04.2020,0.2400
3802,08.04.2020,0.2393
3803,09.04.2020,0.2398
3804,10.04.2020,0.2433
3805,13.04.2020,0.2443
3806,14.04.2020,0.2474
3807,15.04.2020,0.2475
3808,16.04.2020,0.2497
3809,21.04.2020,0.2510
3810,22.04.2020,0.2494
3811,23.04.2020,0.2455
3812,24.04.2020,0.2458
3813,27.04.2020,0.2442
3814,28.04.2020,0.2445
3815,29.04.2020,0.2472
3816,30.04.2020,0.2494
3817,04.05.2020,0.2479
3818,05.05.2020,0.2459
3819,06.05.2020,0.2488
3820,07.05.2020,0.2510
3821,08.05.2020,0.2517
3822,11.05.2020,0.2498
3823,12.05.2020,0.2495
3824,13.05.2020,0.2483
3825,14.05.2020,0.2485
3826,15.05.2020,0.2512
3827,18.05.2020,0.2514
3828,19.05.2020,0.2514
3829,20.05.2020,0.2479
3830,21.05.2020,0.2491
3831,22.05.2020,0.2483
3832,25.05.2020,0.2509
3833,26.05.2020,0.2505
3834,27.05.2020,0.2496
3835,28.05.2020,0.2484
3836,29.05.2020,0.2496
3837,02.06.2020,0.2487
3838,03.06.2020,0.2477
3839,04.06.2020,0.2477
3840,05.06.2020,0.2484
3841,09.06.2020,0.2459
3842,10.06.2020,0.2478
3843,11.06.2020,0.2461
3844,12.06.2020,0.2468
3845,15.06.2020,0.2482
3846,16.06.2020,0.2496
3847,17.06.2020,0.2477
3848,18.06.2020,0.2495
3849,19.06.2020,0.2492
3850,22.06.2020,0.2503
3851,23.06.2020,0.2494
3852,24.06.2020,0.2470
3853,25.06.2020,0.2469
3854,26.06.2020,0.2494
3855,29.06.2020,0.2496
3856,30.06.2020,0.2490
3857,01.07.2020,0.2508
3858,02.07.2020,0.2510
3859,03.07.2020,0.2489
3860,06.07.2020,0.2494
3861,07.07.2020,0.2475
3862,08.07.2020,0.2478
3863,09.07.2020,0.2485
3864,10.07.2020,0.2488
3865,13.07.2020,0.2497
3866,14.07.2020,0.2495
3867,15.07.2020,0.2492
3868,16.07.2020,0.2480
3869,17.07.2020,0.2491
3870,20.07.2020,0.2483
3871,21.07.2020,0.2480
3872,22.07.2020,0.2490
3873,23.07.2020,0.2463
3874,24.07.2020,0.2463
3875,27.07.2020,0.2462
3876,28.07.2020,0.2444
3877,29.07.2020,0.2446
3878,30.07.2020,0.2451
3879,31.07.2020,0.2454
3880,03.08.2020,0.2441
3881,04.08.2020,0.2473
3882,05.08.2020,0.2467
3883,06.08.2020,0.2456
3884,07.08.2020,0.2458
3885,10.08.2020,0.2465
3886,11.08.2020,0.2487
3887,12.08.2020,0.2478
3888,13.08.2020,0.2471
3889,14.08.2020,0.2444
3890,17.08.2020,0.2445
3891,18.08.2020,0.2435
3892,19.08.2020,0.2435
3893,20.08.2020,0.2432
3894,21.08.2020,0.2457
3895,24.08.2020,0.2469
3896,25.08.2020,0.2463
3897,26.08.2020,0.2462
3898,27.08.2020,0.2463
3899,28.08.2020,0.2462
3900,31.08.2020,0.2462
3901,01.09.2020,0.2460
3902,02.09.2020,0.2426
3903,03.09.2020,0.2457
3904,04.09.2020,0.2473
3905,07.09.2020,0.2469
3906,08.09.2020,0.2474
3907,09.09.2020,0.2478
3908,10.09.2020,0.2485
3909,11.09.2020,0.2467
3910,14.09.2020,0.2461
3911,15.09.2020,0.2456
3912,16.09.2020,0.2456
3913,17.09.2020,0.2462
3914,18.09.2020,0.2476
3915,21.09.2020,0.2467
3916,22.09.2020,0.2474
3917,23.09.2020,0.2481
3918,24.09.2020,0.2494
3919,25.09.2020,0.2497
3920,28.09.2020,0.2481
3921,29.09.2020,0.2468
3922,30.09.2020,0.2456
3923,01.10.2020,0.2451
3924,02.10.2020,0.2446
3925,05.10.2020,0.2456
3926,06.10.2020,0.2452
3927,07.10.2020,0.2449
3928,08.10.2020,0.2451
3929,09.10.2020,0.2445
3930,12.10.2020,0.2433
3931,13.10.2020,0.2432
3932,14.10.2020,0.2432
3933,15.10.2020,0.2441
3934,16.10.2020,0.2450
3935,19.10.2020,0.2453
3936,20.10.2020,0.2436
3937,21.10.2020,0.2426
3938,22.10.2020,0.2412
3939,23.10.2020,0.2417
3940,26.10.2020,0.2412
3941,27.10.2020,0.2422
3942,28.10.2020,0.2418
3943,29.10.2020,0.2439
3944,30.10.2020,0.2444
3945,02.11.2020,0.2443
3946,03.11.2020,0.2444
3947,04.11.2020,0.2426
3948,05.11.2020,0.2419
3949,06.11.2020,0.2396
3950,09.11.2020,0.2386
3951,10.11.2020,0.2386
3952,11.11.2020,0.2409
3953,12.11.2020,0.2415
3954,13.11.2020,0.2406
3955,16.11.2020,0.2407
3956,17.11.2020,0.2407
3957,18.11.2020,0.2398
3958,19.11.2020,0.2397
3959,20.11.2020,0.2400
3960,23.11.2020,0.2388
3961,24.11.2020,0.2380
3962,25.11.2020,0.2387
3963,26.11.2020,0.2382
3964,27.11.2020,0.2376
3965,02.12.2020,0.2359
3966,03.12.2020,0.2342
3967,04.12.2020,0.2325
3968,07.12.2020,0.2315
3969,08.12.2020,0.2324
3970,09.12.2020,0.2321
3971,10.12.2020,0.2321
3972,11.12.2020,0.2328
3973,14.12.2020,0.2326
3974,15.12.2020,0.2321
3975,16.12.2020,0.2324
3976,17.12.2020,0.2320
3977,18.12.2020,0.2313
3978,21.12.2020,0.2305
3979,22.12.2020,0.2322
3980,23.12.2020,0.2309
3981,24.12.2020,0.2317
3982,28.12.2020,0.2318
3983,29.12.2020,0.2318
3984,30.12.2020,0.2310
3985,31.12.2020,0.2305
3986,04.01.2021,0.2308
3987,05.01.2021,0.2305
3988,06.01.2021,0.2305
3989,07.01.2021,0.2305
3990,08.01.2021,0.2305
3991,11.01.2021,0.2296
3992,12.01.2021,0.2328
3993,13.01.2021,0.2327
3994,14.01.2021,0.2322
3995,15.01.2021,0.2321
3996,18.01.2021,0.2326
3997,19.01.2021,0.2335
3998,20.01.2021,0.2318
3999,21.01.2021,0.2310
4000,22.01.2021,0.2300
4001,25.01.2021,0.2289
4002,26.01.2021,0.2297
4003,27.01.2021,0.2310
4004,28.01.2021,0.2318
4005,29.01.2021,0.2328
4006,01.02.2021,0.2319
4007,02.02.2021,0.2331
4008,03.02.2021,0.2338
4009,04.02.2021,0.2333
4010,05.02.2021,0.2334
4011,08.02.2021,0.2328
4012,09.02.2021,0.2315
4013,10.02.2021,0.2296
4014,11.02.2021,0.2293
4015,12.02.2021,0.2298
4016,15.02.2021,0.2306
4017,16.02.2021,0.2309
4018,17.02.2021,0.2305
4019,18.02.2021,0.2324
4020,19.02.2021,0.2313
4021,22.02.2021,0.2288
4022,23.02.2021,0.2288
4023,24.02.2021,0.2288
4024,25.02.2021,0.2291
4025,26.02.2021,0.2284
4026,01.03.2021,0.2309
4027,02.03.2021,0.2316
4028,03.03.2021,0.2314
4029,04.03.2021,0.2302
4030,05.03.2021,0.2309
4031,08.03.2021,0.2309
4032,09.03.2021,0.2327
4033,10.03.2021,0.2332
4034,11.03.2021,0.2329
4035,12.03.2021,0.2304
4036,15.03.2021,0.2310
4037,16.03.2021,0.2313
4038,17.03.2021,0.2309
4039,18.03.2021,0.2314
4040,19.03.2021,0.2301
4041,22.03.2021,0.2306
4042,23.03.2021,0.2300
4043,24.03.2021,0.2305
4044,25.03.2021,0.2309
4045,26.03.2021,0.2310
4046,29.03.2021,0.2315
4047,30.03.2021,0.2320
4048,31.03.2021,0.2331
4049,01.04.2021,0.2317
4050,02.04.2021,0.2313
4051,05.04.2021,0.2310
4052,06.04.2021,0.2319
4053,07.04.2021,0.2312
4054,08.04.2021,0.2301
4055,09.04.2021,0.2309
4056,12.04.2021,0.2308
4057,13.04.2021,0.2309
4058,14.04.2021,0.2314
4059,15.04.2021,0.2304
4060,16.04.2021,0.2303
4061,19.04.2021,0.2296
4062,20.04.2021,0.2281
4063,21.04.2021,0.2271
4064,22.04.2021,0.2277
4065,23.04.2021,0.2272
4066,26.04.2021,0.2275
4067,27.04.2021,0.2272
4068,28.04.2021,0.2280
4069,29.04.2021,0.2288
4070,04.05.2021,0.2295
4071,05.05.2021,0.2308
4072,06.05.2021,0.2306
4073,07.05.2021,0.2293
4074,10.05.2021,0.2293
4075,11.05.2021,0.2290
4076,12.05.2021,0.2277
4077,13.05.2021,0.2288
4078,14.05.2021,0.2302
4079,17.05.2021,0.2294
4080,18.05.2021,0.2280
4081,19.05.2021,0.2272
4082,20.05.2021,0.2272
4083,21.05.2021,0.2277
4084,24.05.2021,0.2275
4085,25.05.2021,0.2280
4086,26.05.2021,0.2277
4087,27.05.2021,0.2277
4088,28.05.2021,0.2286
4089,31.05.2021,0.2294
4090,02.06.2021,0.2285
4091,03.06.2021,0.2294
4092,04.06.2021,0.2290
4093,07.06.2021,0.2303
4094,08.06.2021,0.2292
4095,09.06.2021,0.2287
4096,10.06.2021,0.2282
4097,11.06.2021,0.2286
4098,14.06.2021,0.2287
4099,15.06.2021,0.2294
4100,16.06.2021,0.2296
4101,17.06.2021,0.2294
4102,18.06.2021,0.2321
4103,22.06.2021,0.2310
4104,23.06.2021,0.2305
4105,24.06.2021,0.2293
4106,25.06.2021,0.2292
4107,28.06.2021,0.2290
4108,29.06.2021,0.2292
4109,30.06.2021,0.2302
4110,01.07.2021,0.2304
4111,02.07.2021,0.2306
4112,05.07.2021,0.2309
4113,06.07.2021,0.2293
4114,07.07.2021,0.2304
4115,08.07.2021,0.2308
4116,09.07.2021,0.2303
4117,12.07.2021,0.2298
4118,13.07.2021,0.2303
4119,14.07.2021,0.2306
4120,15.07.2021,0.2317
4121,16.07.2021,0.2316
4122,19.07.2021,0.2324
4123,20.07.2021,0.2328
4124,21.07.2021,0.2325
4125,22.07.2021,0.2323
4126,23.07.2021,0.2311
4127,26.07.2021,0.2314
4128,27.07.2021,0.2311
4129,28.07.2021,0.2319
4130,29.07.2021,0.2322
4131,30.07.2021,0.2312
4132,02.08.2021,0.2311
4133,03.08.2021,0.2312
4134,04.08.2021,0.2314
4135,05.08.2021,0.2323
4136,06.08.2021,0.2326
4137,09.08.2021,0.2332
4138,10.08.2021,0.2346
4139,11.08.2021,0.2352
4140,12.08.2021,0.2360
4141,13.08.2021,0.2365
4142,16.08.2021,0.2371
4143,17.08.2021,0.2373
4144,18.08.2021,0.2383
4145,19.08.2021,0.2394
4146,20.08.2021,0.2392
4147,23.08.2021,0.2390
4148,24.08.2021,0.2380
4149,25.08.2021,0.2378
4150,26.08.2021,0.2372
4151,27.08.2021,0.2373
4152,30.08.2021,0.2374
4153,31.08.2021,0.2374
4154,01.09.2021,0.2366
4155,02.09.2021,0.2359
4156,03.09.2021,0.2352
4157,06.09.2021,0.2356
4158,07.09.2021,0.2365
4159,08.09.2021,0.2367
4160,09.09.2021,0.2384
4161,10.09.2021,0.2385
4162,13.09.2021,0.2385
4163,14.09.2021,0.2393
4164,15.09.2021,0.2376
4165,16.09.2021,0.2369
4166,17.09.2021,0.2382
4167,20.09.2021,0.2382
4168,21.09.2021,0.2395
4169,22.09.2021,0.2386
4170,23.09.2021,0.2383
4171,24.09.2021,0.2386
4172,27.09.2021,0.2383
4173,28.09.2021,0.2388
4174,29.09.2021,0.2396
4175,30.09.2021,0.2402
4176,01.10.2021,0.2426
4177,04.10.2021,0.2430
4178,05.10.2021,0.2423
4179,06.10.2021,0.2433
4180,07.10.2021,0.2450
4181,08.10.2021,0.2449
4182,11.10.2021,0.2455
4183,12.10.2021,0.2462
4184,13.10.2021,0.2466
4185,14.10.2021,0.2465
4186,15.10.2021,0.2467
4187,18.10.2021,0.2464
4188,19.10.2021,0.2468
4189,20.10.2021,0.2455
4190,21.10.2021,0.2451
4191,22.10.2021,0.2435
4192,25.10.2021,0.2433
4193,26.10.2021,0.2435
4194,27.10.2021,0.2430
4195,28.10.2021,0.2433
4196,29.10.2021,0.2434
4197,01.11.2021,0.2433
4198,02.11.2021,0.2447
4199,03.11.2021,0.2435
4200,04.11.2021,0.2437
4201,05.11.2021,0.2446
4202,08.11.2021,0.2450
4203,09.11.2021,0.2439
4204,10.11.2021,0.2434
4205,11.11.2021,0.2441
4206,12.11.2021,0.2456
4207,15.11.2021,0.2459
4208,16.11.2021,0.2454
4209,17.11.2021,0.2473
4210,18.11.2021,0.2479
4211,19.11.2021,0.2472
4212,22.11.2021,0.2481
4213,23.11.2021,0.2483
4214,24.11.2021,0.2488
4215,25.11.2021,0.2491
4216,26.11.2021,0.2489
4217,29.11.2021,0.2474
4218,02.12.2021,0.2465
4219,03.12.2021,0.2460
4220,06.12.2021,0.2470
4221,07.12.2021,0.2476
4222,08.12.2021,0.2490
4223,09.12.2021,0.2486
4224,10.12.2021,0.2477
4225,13.12.2021,0.2482
4226,14.12.2021,0.2477
4227,15.12.2021,0.2466
4228,16.12.2021,0.2477
4229,17.12.2021,0.2472
4230,20.12.2021,0.2467
4231,21.12.2021,0.2472
4232,22.12.2021,0.2465
4233,23.12.2021,0.2456
4234,24.12.2021,0.2453
4235,27.12.2021,0.2449
4236,28.12.2021,0.2456
4237,29.12.2021,0.2457
4238,30.12.2021,0.2471
4239,31.12.2021,0.2463
4240,03.01.2022,0.2462
4241,04.01.2022,0.2452
4242,05.01.2022,0.2461
4243,06.01.2022,0.2444
4244,07.01.2022,0.2445
4245,10.01.2022,0.2443
4246,11.01.2022,0.2436
4247,12.01.2022,0.2427
4248,13.01.2022,0.2418
4249,14.01.2022,0.2394
4250,17.01.2022,0.2395
4251,18.01.2022,0.2404
4252,19.01.2022,0.2407
4253,20.01.2022,0.2416
4254,21.01.2022,0.2416
4255,25.01.2022,0.2424
4256,26.01.2022,0.2439
4257,27.01.2022,0.2446
4258,28.01.2022,0.2476
4259,31.01.2022,0.2478
4260,01.02.2022,0.2469
4261,02.02.2022,0.2438
4262,03.02.2022,0.2423
4263,04.02.2022,0.2432
4264,07.02.2022,0.2396
4265,08.02.2022,0.2411
4266,09.02.2022,0.2417
4267,10.02.2022,0.2417
4268,11.02.2022,0.2423
4269,14.02.2022,0.2434
4270,15.02.2022,0.2450
4271,16.02.2022,0.2436
4272,17.02.2022,0.2422
4273,18.02.2022,0.2421
4274,21.02.2022,0.2419
4275,22.02.2022,0.2423
4276,23.02.2022,0.2428
4277,24.02.2022,0.2431
4278,25.02.2022,0.2455
4279,28.02.2022,0.2433
4280,01.03.2022,0.2418
4281,02.03.2022,0.2415
4282,03.03.2022,0.2430
4283,04.03.2022,0.2435
4284,07.03.2022,0.2460
4285,08.03.2022,0.2460
4286,09.03.2022,0.2483
4287,10.03.2022,0.2457
4288,11.03.2022,0.2440
4289,14.03.2022,0.2446
4290,15.03.2022,0.2458
4291,16.03.2022,0.2446
4292,17.03.2022,0.2437
4293,18.03.2022,0.2429
4294,21.03.2022,0.2434
4295,22.03.2022,0.2431
4296,23.03.2022,0.2439
4297,24.03.2022,0.2447
4298,25.03.2022,0.2449
4299,28.03.2022,0.2449
4300,29.03.2022,0.2455
4301,30.03.2022,0.2443
4302,31.03.2022,0.2426
4303,01.04.2022,0.2431
4304,04.04.2022,0.2436
4305,05.04.2022,0.2451
4306,06.04.2022,0.2456
4307,07.04.2022,0.2468
4308,08.04.2022,0.2470
4309,11.04.2022,0.2467
4310,12.04.2022,0.2459
4311,13.04.2022,0.2469
4312,14.04.2022,0.2475
4313,15.04.2022,0.2456
4314,18.04.2022,0.2477
4315,19.04.2022,0.2478
4316,20.04.2022,0.2477
4317,21.04.2022,0.2461
4318,26.04.2022,0.2476
4319,27.04.2022,0.2506
4320,28.04.2022,0.2525
4321,29.04.2022,0.2543
4322,02.05.2022,0.2543
4323,03.05.2022,0.2516
4324,04.05.2022,0.2525
4325,05.05.2022,0.2514
4326,06.05.2022,0.2494
4327,09.05.2022,0.2493
4328,10.05.2022,0.2487
4329,11.05.2022,0.2491
4330,12.05.2022,0.2485
4331,13.05.2022,0.2505
4332,16.05.2022,0.2510
4333,17.05.2022,0.2493
4334,18.05.2022,0.2472
4335,19.05.2022,0.2466
4336,20.05.2022,0.2453
4337,23.05.2022,0.2438
4338,24.05.2022,0.2418
4339,25.05.2022,0.2413
4340,26.05.2022,0.2425
4341,27.05.2022,0.2418
4342,30.05.2022,0.2424
